Blog Titles,Blog Contents
ржорж╛ржирж╕рж┐ржХ рж░рзЛржЧржЧрзБрж▓рж┐ ржХрж┐ рж╕ржорзНржкрзВрж░рзНржгрж░рзВржкрзЗ ржирж┐рж░рж╛ржорзЯржпрзЛржЧрзНржп?,"ржорж╛ржирж╕рж┐ржХ рж░рзЛржЧ ржПржХ ржжрж╢ржХ ржЖржЧрзЗржУ рждрзЗржоржи рж╕рзНржмрзАржХрзГржд рж░рзЛржЧ ржЫрж┐рж▓ ржирж╛ред рж╕рж╛ржзрж╛рж░ржгржнрж╛ржмрзЗ рж╕ржм ржорж╛ржирзБрж╖рзЗрж░ржЗ ржХрж┐ржЫрзБ ржирж╛ ржХрж┐ржЫрзБ рж░рзЛржЧ ржерж╛ржХрзЗржЗред ржЕржирзЗржХрзЗржЗ ржЯрзЗрж░ржкрж╛ржи рждрж╛рж░ рж╕ржорж╕рзНржпрж╛, ржЖржмрж╛рж░ ржЕржирзЗржХрзЗ ржЬрж╛ржирзЗржиржЗ ржирж╛ред ржкрзНрж░ржЪрж▓рж┐ржд ржпрзЗ ржорж╛ржирж╕рж┐ржХ рж░рзЛржЧрзЗрж░ ржХржерж╛ ржЖржорж░рж╛ рж╢рзБржирж┐, ржпрзЗржоржи-рж╣рждрж╛рж╢рж╛, ржПржбрж┐ржПржЗржЪржбрж┐, ржжрзБрж╢рзНржЪрж┐ржирзНрждрж╛ ржЪрж┐ржХрж┐рзОрж╕рж╛ ржмрж╛ ржЕржнрзНржпрж╛рж╕ ржмржжрж▓рзЗрж░ ржорж╛ржзрзНржпржорзЗ ржирж┐рж░рж╛ржорзЯржпрзЛржЧрзНржпред ржирж┐рж░рж╛ржорзЯржпрзЛржЧрзНржп ржирж╛ рж╣рж▓рзЗржУ ржирж┐рзЯржирзНрждрзНрж░ржгржпрзЛржЧрзНржпред ржбрж┐ржорзЗржирж╢рж┐ржпрж╝рж╛ ржмрж╛ рж╕рж┐ржЬрзЛржлрзНрж░рзЗржирж┐ржпрж╝рж╛рж░ ржорждрзЛ рж░рзЛржЧржЧрзБрж▓рзЛ ржирж┐рзЯржорж┐ржд ржФрж╖рзБржзржЧрзНрж░рж╣ржгрзЗрж░ ржорж╛ржзрзНржпржорзЗ ржЕржирзЗржХржЯрж╛ржЗ ржЖрзЯрждрзНржмрзЗ ржЖржирж╛ рж╕ржорзНржнржмред"
ржорж╛ржирж╕рж┐ржХ рж░рзЛржЧ ржХрзА?,"ржорж╛ржирж╕рж┐ржХ рж░рзЛржЧ рж╣ржЪрзНржЫрзЗ рж░рзЛржЧрзАрж░ ржЕрж╕рзНржмрж╛ржнрж╛ржмрж┐ржХ ржЖржЪрж░ржг, ржЕрж╕рзНржмрж╛ржнрж╛ржмрж┐ржХ ржЬрзАржмржи-ржпрж╛ржкржи ржпрж╛ ржорж╕рзНрждрж┐рж╖рзНржХрзЗрж░ рж░рзЛржЧрзЗрж░ ржХрж╛рж░ржгрзЗ рж╣рзЯред ржпрж╛рж░ ржЬржирзНржп рж╕рзНржмрж╛ржнрж╛ржмрж┐ржХ ржкрж╛рж░рж┐ржмрж╛рж░рж┐ржХ, рж╕рж╛ржорж╛ржЬрж┐ржХ, ржкрзЗрж╢рж╛ржЧржд ржЬрзАржмржи ржмрзНржпрж╛рж╣ржд рж╣рзЯ ржЕржержмрж╛ рж░рзЛржЧрзА рждрзАржмрзНрж░ ржорж╛ржирж╕рж┐ржХ ржпржирзНрждрзНрж░ржгрж╛ ржмрж╛ ржЕрж╕рзНржмрж╕рзНрждрж┐рждрзЗ ржнрзЛржЧрзЗред Read more : рждрзБрж╖рж╛рж░ ржмрж╛ржЗрж░рзЗ ржерзЗржХрзЗ ржжрзЗржЦрждрзЗ ржпрзЗржоржи рж╕рзБржирзНржжрж░ ржПрж░ ржХржгрж╛рж░ ржЧржаржирзЗ рж░ржпрж╝рзЗржЫрзЗ ржЖрж░ржУ ржмрзИржЪрж┐рждрзНрж░рзНржпред - ржмрж┐ржЬрзНржЮрж╛ржирзЗрж░ 'ржм' ржмрзНрж▓ржЧ ржоржи ржХрзА? ржоржирзЗрж░ ржХрзЯржЯрж┐ ржЕржВрж╢?ржоржи ржмрж▓рждрзЗ ржЖржорж░рж╛ ржмрзНрж░рзЗржЗржиржХрзЗржЗ ржмрзБржЭрж┐ред ржоржи ржорж╛ржирзЗ рж╣рзГржжржкрж┐ржгрзНржб ржирзЯред ржЖржмрж╛рж░ ржоржи ржмрж▓рждрзЗ ржЖрждрзНржорж╛ ржмрж╛ Soul ржХрзЗржУ ржмрзБржЭрж╛рзЯ ржирж╛ред ржоржи ржерж╛ржХрзЗ ржорж╕рзНрждрж┐рж╖рзНржХрзЗред ржоржирзЗрж░ рж╕рж╛ржзрж╛рж░ржгржд рзйржЯрж┐ ржЕржВрж╢ред ржХ) рж╕ржЪрзЗрждржи ржоржи ржЦ) ржЕржЪрзЗрждржи ржоржи ржЧ) ржЕржмржЪрзЗрждржи ржоржиред рж╕ржЪрзЗрждржи ржоржи, ржоржирзЗрж░ ржорж╛рждрзНрж░ рззрзж ржнрж╛ржЧред ржоржирзЗрж░ рзпрзж ржнрж╛ржЧ ржЬрзБрзЬрзЗ рж░рзЯрзЗржЫрзЗ ржЕржЪрзЗрждржи ржмрж╛ ржЕржмржЪрзЗрждржи ржоржиред Read more : рж╢рж░рзАрж░рзЗ ржПржХржЯрж╛ржУ ржжрж╛ржЧ ржирзЗржЗ ржпрзЗ ржкрзНрж░рж╛ржгрзАрж░, ржорж╛ржиржмрж╢рж░рзАрж░рзЗ ржкрзНрж░рзЯрзЛржЧрзЗрж░ ржкрзНрж░ржЪрзЗрж╖рзНржЯрж╛ - ржмрж┐ржЬрзНржЮрж╛ржирзЗрж░ 'ржм' ржмрзНрж▓ржЧ ржорж╛ржирж╕рж┐ржХ рж░рзЛржЧ ржХрзЗржи рж╣рзЯ?ржкрзНрж░ржХрзГржд ржХрж╛рж░ржг ржПржЦржиржУ ржЬрж╛ржирж╛ ржпрж╛рзЯржирж┐ред ржХрж╛рж░ржгржЧрзБрж▓рзЛрж░ ржоржзрзНржпрзЗ ржЬрзЗржирзЗржЯрж┐ржХ ржмрж╛ ржмржВрж╢ржЧржд ржкрзНрж░ржнрж╛ржм, ржкрж░рж┐ржмрзЗрж╢ржЧржд ржкрзНрж░ржнрж╛ржм, рж╢рж╛рж░рзАрж░рж┐ржХ ржорж╛ржирж╕рж┐ржХ ржпрзМржи ржирж┐рж░рзНржпрж╛рждржи, ржЕрж╕рзНржмрж╛ржнрж╛ржмрж┐ржХржнрж╛ржмрзЗ рж╢рж┐рж╢рзБрж░ рж▓рж╛рж▓ржи-ржкрж╛рж▓ржи, ржЗржирзНржЯрж╛рж░ржирзЗржЯ рж╕рж╣ ржЕржирзНржпрж╛ржирзНржп ржирзЗрж╢рж╛ ржжрзНрж░ржмрзНржпрзЗрж░ ржмрзНржпржмрж╣рж╛рж░, ржорж╕рзНрждрж┐рж╖рзНржХрзЗрж░ ржЧржаржи ржЬржирж┐ржд рж╕ржорж╕рзНржпрж╛, ржирж┐ржЙрж░рзЛ ржЯрзНрж░рж╛ржирзНрж╕ржорж┐ржЯрж╛рж░рзЗрж░ ржнрж╛рж░рж╕рж╛ржорзНржпрж╣рзАржирждрж╛, ржжрзАрж░рзНржШржорзЗрзЯрж╛ржжрзА ржШрзБржорзЗрж░ ржЕржнрж╛ржм, ржжрзАрж░рзНржШржорзЗрзЯрж╛ржжрзА ржЕрж╕рзНржмрж╛ржнрж╛ржмрж┐ржХ ржЪрж╛ржк, ржПржЫрж╛рзЬрж╛ ржорзГржЧрзАрж░рзЛржЧ, Stroke, ржбрж╛рзЯрж╛ржмрзЗржЯрж┐ржХрж╕рзН, head injury, ржмрзНрж░рзЗржЗржи ржЯрж┐ржЙржорж╛рж░, ржХрж┐ржбржирж┐, ржпржХрзГржд, рж╣рзГржжржкрж┐ржгрзНржбрзЗрж░ ржлрзЗржЗрж▓рж┐рзЯрж░ржУ ржорж╛ржирж╕рж┐ржХ рж░рзЛржЧрзЗрж░ ржХрж╛рж░ржг рж╣рждрзЗ ржкрж╛рж░рзЗредhttps://blog.bigganerba.com/2022/01/09/%e0%a6%85%e0%a6%b8%e0%a7%81%e0%a6%b8%e0%a7%8d%e0%a6%a5-%e0%a6%a8%e0%a6%be-%e0%a6%b9%e0%a6%af%e0%a6%bc%e0%a7%87%e0%a6%93-%e0%a6%a8%e0%a6%bf%e0%a6%9c%e0%a7%87%e0%a6%95%e0%a7%87-%e0%a6%b0%e0%a7%8b/https://blog.bigganerba.com/2022/01/09/%e0%a6%85%e0%a6%b8%e0%a7%81%e0%a6%b8%e0%a7%8d%e0%a6%a5-%e0%a6%a8%e0%a6%be-%e0%a6%b9%e0%a6%af%e0%a6%bc%e0%a7%87%e0%a6%93-%e0%a6%a8%e0%a6%bf%e0%a6%9c%e0%a7%87%e0%a6%95%e0%a7%87-%e0%a6%b0%e0%a7%8b/ржЖржорж╛ржжрзЗрж░ ржжрзЗрж╢рзЗрж░ рж╕рж╛ржзрж╛рж░ржг ржорж╛ржирж╕рж┐ржХ рж░рзЛржЧржЧрзБрж▓рзЛ ржХрзА ржХрзА?ржорж╛ржирж╕рж┐ржХ рж░рзЛржЧржХрзЗ ржжрзБржЗржнрж╛ржЧрзЗ ржнрж╛ржЧ ржХрж░рж╛ рж╣рзЯред ржирж┐ржЙрж░рзЛржЯрж┐ржХ ржПржмржВ рж╕рж╛ржЗржХрзЛржЯрж┐ржХред ржирж┐ржЙрж░рзЛржЯрж┐ржХ ржмрж▓рждрзЗ ржЖржорж░рж╛ ржЯрзЗржирж╢ржи, ржЙржжрзНржмрзЗржЧ, ржкрзНржпрж╛ржирж┐ржХ ржЕрзНржпрж╛ржЯрж╛ржХ, рж╕рзВржЪрж┐ржмрж╛ржЗ, рж╣рж┐рж╕рзНржЯрж┐рж░рж┐рзЯрж╛, ржЕрж╕рзНржмрж╛ржнрж╛ржмрж┐ржХ ржмрзНржпрж╛ржХрзНрждрж┐рждрзНржм, рж╕рзНржЯрзНрж░рзЗрж╕ ржбрж┐рж╕ржЕрж░рзНржбрж╛рж░, ржЕрж╕рзНржмрж╛ржнрж╛ржмрж┐ржХ рж░рж╛ржЧ ржмрж╛ рж░рж╛ржЧ ржирж┐рзЯржирзНрждрзНрж░ржгржЬржирж┐ржд ржорж╛ржирж╕рж┐ржХ рж░рзЛржЧ, ржЗржирзНржЯрж╛рж░ржирзЗржЯ ржмрж╛ Facebook ржЖрж╕ржХрзНрждрж┐, ржпрзМржи рж╕ржорж╕рзНржпрж╛, ржШрзБржорзЗрж░ рж╕ржорж╕рзНржпрж╛ржХрзЗржЗ ржмрзБржЭрж┐ред ржПржжрзЗрж░ рж╕ржВржЦрзНржпрж╛ ржЕржирзЗржХ ржмрзЗрж╢рж┐ред рж╕рж╛ржЗржХрзЛрж╕рж┐рж╕ ржмрж╛ ржЧрзБрж░рзБрждрж░ ржорж╛ржирж╕рж┐ржХ рж░рзЛржЧ, рж╕рж┐ржЬрзЛржлрзНрж░рзЛржирж┐рзЯрж╛, ржмрж╛ржЗржкрж▓рж╛рж░ ржорзБржб ржбрж┐рж╕ржЕрж░рзНржбрж╛рж░ ржП ржорж╛рждрзНрж░ рзз% ржорж╛ржирзБрж╖ ржнрзЛржЧрзЗред Read more : ржорж╛ржирзБрж╖ ржХрзЗржи ржШрзБржорзЗрж░ ржШрзЛрж░рзЗ ржирж╛ржХ ржбрж╛ржХрзЗ? - ржмрж┐ржЬрзНржЮрж╛ржирзЗрж░ 'ржм' ржмрзНрж▓ржЧ ржорж╛ржирж╕рж┐ржХ рж░рзЛржЧ ржЪрж┐ржХрж┐рзОрж╕рж╛рж░ ржкрзНрж░ржзрж╛ржи ржмрж╛ржзрж╛ржЧрзБрж▓рзЛ ржХрзА ржХрзА?ржорж╛ржирж╕рж┐ржХ рж░рзЛржЧ ржЪрж┐ржХрж┐рзОрж╕рж╛рж░ ржкрзНрж░ржзрж╛ржи ржмрж╛ржзрж╛ рж╣рж▓рзЛ рж░рзЛржЧрзАрж░ ржкрж░рж┐ржмрж╛рж░рзЗрж░ ржЕржЬрзНржЮрждрж╛, рж╕ржЪрзЗрждржирж╛рж░ ржЕржнрж╛ржм, ржХрзБрж╕ржВрж╕рзНржХрж╛рж░, ржорж╛ржирж╕рж┐ржХ рж░рзЛржЧрзЗрж░ ржЪрж┐ржХрж┐рзОрж╕рж╛ рж╕ржорзНржкрж░рзНржХрзЗ ржирзЗрждрж┐ржмрж╛ржЪржХ ржзрж╛рж░ржгрж╛, рж░рзЗржлрж╛рж░рзЗрж▓ ржирж╛ рж╣ржУрзЯрж╛ ржЗрждрзНржпрж╛ржжрж┐ред ржЖржорж╛ржжрзЗрж░ ржжрзЗрж╢рзЗрж░ ржмрзЗрж╢рж┐рж░ ржнрж╛ржЧ ржорж╛ржирзБрж╖ ржорж╛ржирж╕рж┐ржХ рж░рзЛржЧржХрзЗ ржЬрзНржмрж┐ржи ржнрзВрждрзЗрж░ ржЖржЫрж░ ржоржирзЗ ржХрж░рзЗ ржПржмржВ ржнржгрзНржб ржкрзАрж░-ржлржХрж┐рж░ржжрзЗрж░ ржХрж╛ржЫрзЗ ржпрж╛рзЯред ржПрждрзЗ рждрзЛ рж░рзЛржЧ ржнрж╛рж▓рзЛ рж╣рзЯржЗ ржирж╛ ржЙрж▓рзНржЯрж╛ ржЬржЯрж┐рж▓ рж╣рзЯред ржнржгрзНржб ржкрзАрж░-ржлржХрж┐рж░, ржХржмрж┐рж░рж╛ржЬрж░рж╛ ржкрзНрж░рждрж╛рж░ржгрж╛рж░ ржорж╛ржзрзНржпржорзЗ ржкрзНрж░ржЪрзБрж░ ржЯрж╛ржХрж╛ рж╣рж╛рждрж┐рзЯрзЗ ржирзЗрзЯред рждржерж╛ржХржерж┐ржд ржЬрж┐ржирзЗрж░ ржмрж╛ржжрж╢рж╛рж░рж╛ рж╕рждрзНржпрж┐ржЗ ржмрж╛ржжрж╢рж╛рж░ ржорждрзЛ рж░рж╛ржЬрждрзНржм ржХрж░ржЫрзЗ ржЬржиржЧржгрзЗрж░ ржзрж░рзНржорзАрзЯ ржЕржирзБржнрзВрждрж┐ржХрзЗ ржХрж╛ржЬрзЗ рж▓рж╛ржЧрж┐рзЯрзЗред рж▓рзЗржЦржХ : ржорж╛ржирж╕рж┐ржХ рж░рзЛржЧ ржмрж┐рж╢рзЗрж╖ржЬрзНржЮ ржоржирзЛржнрзВржмржи рж╕рзЗржирзНржЯрж╛рж░, ржврж╛ржХрж╛ред ржЕрзНржпрж╛ржкржерж╛рж╕ ржЖрж▓рж╕рж╛рж░ржбрж╛: ржирж╛рж╣рж┐ржж ржлрж╛рж░ржЬрж╛ржирж╛ Read more blog in bangla : ржмрж┐ржЬрзНржЮрж╛ржирзЗрж░ 'ржм' ржмрзНрж▓ржЧ - Bigganer 'Ba' Bloghttps://blog.bigganerba.com/https://blog.bigganerba.com/ржорзБржЦрзЗ ржпржд рж░ржХржорзЗрж░ ржХрзНрж╖ржд рж╣рзЯ ржЕрзНржпрж╛ржкржерж╛рж╕ ржЖрж▓рж╕рж╛рж░ рждрж╛ржжрзЗрж░ ржоржзрзНржпрзЗ рж╕ржмржЪрзЗрзЯрзЗ ржмрзЗрж╢рж┐ рж╣рзЯ ржПржмржВ ржкрзНрж░рж╛рзЯ рж╕ржмрж╛ржЗ ржХржоржмрзЗрж╢рж┐ ржПржЗ ржЕрзНржпрж╛ржкржерж╛рж╕ ржЖрж▓рж╕рж╛рж░рзЗрж░ рж╕рж╛ржерзЗ ржкрж░рж┐ржЪрж┐рждред ржЕрзНржпрж╛ржкржерж╛рж╕ ржЖрж▓рж╕рж╛рж░рзЗрж░ ржХрж╛рж░ржг : ржЕрзНржпрж╛ржкржерж╛рж╕ ржЖрж▓рж╕рж╛рж░рзЗрж░ ржПржХрзЗржмрж╛рж░рзЗ рж╕ржарж┐ржХ ржХрзЛржирзЛ ржХрж╛рж░ржг ржкрж╛ржУрзЯрж╛ ржпрж╛рзЯржирж┐ред рждржмрзЗ ржХрж┐ржЫрзБ ржХрж┐ржЫрзБ ржХрзНрж╖рзЗрждрзНрж░рзЗ ржЕрзНржпрж╛ржкржерж╛рж╕ рж╣рждрзЗ ржкрж╛рж░рзЗ рждрж╛ ржирж┐ржорзНржирж░рзВржк :рзз. ржмржВрж╢ржЧрждржнрж╛ржмрзЗ ржЕржирзЗржХ рж╕ржорзЯ ржЕрзНржпрж╛ржкржерж╛рж╕ ржЖрж▓рж╕рж╛рж░ рж╣рзЯрзЗ ржерж╛ржХрзЗредрзи. ржЖржШрж╛рждрзЗрж░ ржлрж▓рзЗ рж╣рждрзЗ ржкрж╛рж░рзЗред ржЕржирзЗржХ рж╕ржорзЯ ржжрзЗржЦрж╛ ржпрж╛рзЯ ржжрж╛ржБржд ржмрзНрж░рж╛рж╢ ржХрж░рж╛рж░ рж╕ржорзЯ ржорзБржЦрзЗрж░ ржХрзЛржерж╛ржУ ржмрзНрж░рж╛рж╢рзЗрж░ ржЦрзЗрж╛ржБржЪрж╛рзЯ ржорзБржЦрзЗрж░ ржирж░ржо ржЯрж┐рж╕рзНржпрзБ ржЖржШрж╛рждржкрзНрж░рж╛ржкрзНржд рж╣рж▓рзЗ ржЕрзНржпрж╛ржкржерж╛рж╕ ржЖрж▓рж╕рж╛рж░рзЗрж░ рж░рзВржк ржирж┐рждрзЗ ржкрж╛рж░рзЗредрзй. ржмрзНржпрж╛ржХржЯрзЗрж░рж┐рзЯрж╛рж▓ ржЗржиржлрзЗржХрж╢ржирзЗрж░ ржорж╛ржзрзНржпржорзЗ рж╣рждрзЗ ржкрж╛рж░рзЗред ржпрзЗржоржи- рж╕рзНржЯрзНрж░рзЗржкржЯрзЛржХржХрзНржХрж╛рж▓ ржЗржиржлрзЗржХрж╢ржиредрзк. рж░рзЛржЧ ржкрзНрж░рждрж┐рж░рзЛржзрзЗрж░ ржЕрж╕рзНржмрж╛ржнрж╛ржмрж┐ржХрждрж╛ ржжрзЗржЦрж╛ ржжрж┐рж▓рзЗ рж╣рждрзЗ ржкрж╛рж░рзЗредрзл. ржжрзБрж╢рзНржЪрж┐ржирзНрждрж╛, ржорж╛ржирж╕рж┐ржХ ржЕржмрж╕рж╛ржж, ржЙржжрзНржмрж┐ржЧрзНржирждрж╛ ржУ рж░рж╛ржд ржЬрж╛ржЧрж╛рж░ ржХрж╛рж░ржгрзЗ рж╣рждрзЗ ржкрж╛рж░рзЗредрзм. ржнрж┐ржЯрж╛ржорж┐ржи ржмрж┐рззрзи-ржПрж░ ржЕржнрж╛ржмрзЗ, ржЖрзЯрж░ржирзЗрж░ ржЕржнрж╛ржмрзЗ ржмрж┐рж╢рзЗрж╖ ржХрж░рзЗ ржлрж▓рж┐ржХ ржПрж╕рж┐ржбрзЗрж░ ржЕржнрж╛ржм, ржорзЗрзЯрзЗржжрзЗрж░ ржкрж┐рж░рж┐рзЯржбрзЗрж░ рж╕ржорзЯ рж╣рждрзЗ ржкрж╛рж░рзЗредрзн. рж╣рж░ржорзЛржирзЗрж░ ржЕржнрж╛ржмрзЗ рж╣рждрзЗ ржкрж╛рж░рзЗредрзо. рж╣ржЬржорзЗ рж╕ржорж╕рзНржпрж╛ ржерж╛ржХрж▓рзЗ рж╣рждрзЗ ржкрж╛рж░рзЗред Check your IQ for free :https://www.bigganerba.com/iqhttps://www.bigganerba.com/iq"
ржорж╛ржирж╕рж┐ржХ рж░рзЛржЧ ржирж┐рж░рзНржгрзЯ ржХрж░рж╛рж░ ржЬржирзНржп ржХрзА ржХрзА ржзрж╛ржк ржЕржирзБрж╕рж░ржг ржХрж░рждрзЗ рж╣ржмрзЗ?,"ржнрж╛рж▓рзЛ ржнрж╛ржмрзЗ ржЖржЪрж░ржг рж▓ржХрзНрж╖рзНржп ржХрж░рзБржгред ржпржжрж┐ ржжрзЗржЦрзЗржи ржХрзЗржЙ ржПржХрж╛ ржПржХрж╛ ржерж╛ржХрждрзЗ ржЪрж╛ржЗржЫрзЗ, ржЦрзБржм ржХржо ржХржерж╛ ржмрж▓ржЫрзЗ, рж╣ржарж╛рзОржЗ ржорж╛ржерж╛ ржЧрж░ржо ржХрж░рзЗ ржлрзЗрж▓рзЗ, ржПржХрж╛ ржПржХрж╛ ржмрж┐рзЬржмрж┐рзЬ ржХрж░ржЫрзЗ, ржирж┐ржЬрзЗржХрзЗ ржЦрзБржм ржмрзЬ ржоржирзЗ ржХрж░ржЫрзЗ, ржХрж╛ржЬрзЗ ржЙрзОрж╕рж╛рж╣ рж╣рж╛рж░рж┐рзЯрзЗржЫрзЗ, ржорзЯрж▓рж╛ ржХрж╛ржкрзЬ ржкрзЬржЫрзЗ, ржЕрж▓рзНржкрждрзЗржЗ ржХрж╛ржирзНржирж╛ржХрж╛ржЯрж┐ржУ ржХрж░рзЗ, ржШрзБржо ржХржо рждрж╛рж╣рж▓рзЗ ржзрж░рзЗ ржирж┐ржмрзЗржи ржХрж┐ржЫрзБ ржПржХржЯрж┐ ржЧрзЬржмрзЬ рж╣рзЯрзЗржЫрзЗред"
ржорж╛ржирж╕рж┐ржХ рж░рзЛржЧ рж╕рж░рзНржмржорзЛржЯ ржХржд ржзрж░ржирзЗрж░?,"ржорж╛ржирж╕рж┐ржХ рж░рзЛржЧ ржжрзБ'ржзрж░ржирзЗрж░ред ржЖржкржирж┐ ржХрзЛржи ржзрж░ржирзЗрж░ ржорж╛ржирж╕рж┐ржХ рж░рзЛржЧрзЗ ржЖржХрзНрж░рж╛ржирзНржд ржирж┐ржЪрзЗрж░ рж▓рж┐ржВржХ ржерзЗржХрзЗ рж╕рж╣ржЬрзЗ ржЬрзЗржирзЗ ржирж┐ржиредржПржмржВ ржХржорзЗржирзНржЯ ржХрж░рзБржиредржорж╛ржирж╕рж┐ржХ рж░рзЛржЧ ржерзЗржХрзЗ ржорзБржХрзНрждрж┐рж░ ржЙржкрж╛рзЯржорж╛ржирзБрж╖ рж╕рж╛ржорж╛ржЬрж┐ржХ ржЬрзАржмред ржЖрж░ ржЬрзАржмржи ржЪрж▓рж╛рж░ ржкржерзЗ ржЖржорж╛ржжрзЗрж░ ржЕржирзЗржХ рж╕ржорзЯ ржирж╛ржирж╛рж░ржХржо ржШрж╛ржд-ржкрзНрж░рждрж┐ржШрж╛ржд, ржкрзНрж░рждрж┐ржХрзВрж▓ ржкрж░рж┐ржмрзЗрж╢рзЗрж░ ржорзЛржХрж╛ржмрж┐рж▓рж╛ ржХрж░рждрзЗ рж╣рзЯред ржЖрж░ ржПржЧрзБрж▓рзЛрж░ ржЬржирзНржп рж╢рж╛рж░рж┐рж░рзАржХ ржЕрж╕рзБ...https://predeator24.blogspot.com/2022/11/blog-post_20.html"
ржирж┐ржЬрзЗржХрзЗ рж░рзЛржЧрзА ржнрж╛ржмрж╛ ржХрж┐ ржорж╛ржирж╕рж┐ржХ рж░рзЛржЧ?,ржирж┐ржЬрзЗржХрзЗ рж░рзЛржЧрзА ржнрж╛ржмрж╛ ржорж╛ржирж╕рж┐ржХ рж░рзЛржЧ ржирж╛ред ржПржЯрж╛ ржЖржкржирж╛рж░ рж╕ржорж╕рзНржпрж╛ред ржЖрж░ржУ
ржХржд рж░ржХржорзЗрж░ ржорж╛ржирж╕рж┐ржХ рж░рзЛржЧ ржЖржЫрзЗ? рж╕рзЗржЧрзБрж▓рзЛ ржХрзЗржи рж╣рзЯ?,"ржмрж┐ржнрж┐ржирзНржи ржзрж░ржирзЗрж░ ржорж╛ржирж╕рж┐ржХ рж░рзЛржЧ : рж╣рзЗржЗрж▓ рж╕рзНржорж┐рже, рззрзн ржмржЫрж░ ржПржЗ ржлрж░рж╛рж╕рзА ржирж╛рж░рж┐ рж╣ржарж╛рзО ржХрж░рзЗ ржПржХржжрж┐ржи ржЦрж╛ржУрзЯрж╛ ржмржирзНржз ржХрж░рзЗ ржжрзЗржиред ржмрж▓рзЗ ржерж╛ржХрзЗржи ржорзГржд ржорж╛ржирзБрж╖рзЗрж░ ржЦрж╛ржУрзЯрж╛рж░ ржкрзНрж░рзЯрзЛржЬржи ржкрзЬрзЗ ржирж╛ред рждрж╛рж░ржкрж░рзЗ ржмрж▓рждрзЗ ржерж╛ржХрзЗржи ржЖржорж┐ ржЕрж╕рзНрждрж┐рждрзНржмрж╣рзАржи, ржЖржорж┐ ржорзГржд, ржЖржорж╛рж░ рж╢рж░рж┐рж░рзЗ ржкржЪржи ржзрж░ржЫрзЗред ржПржоржиржХрж┐ рждрж┐ржирж┐ ржкржЪрзЗ ржЧрж▓рзЗ ржЬрж╛ржУрзЯрж╛ ржнрж┐рж╕рзЗрж░рж╛рж░ ржЧржирзНржз ржкрж╛ржУрзЯрж╛ рж╢рзБрж░рзБ ржХрж░рзЗржи! ржПржЯрж╛ ржПржХржЯрж╛ ржмрж┐рж░рж▓ ржзрж░ржирзЗрж░ ржорж╛ржирж╕рж┐ржХ рж╕ржорж╕рзНржпрж╛ред ржПржЗ ржзрж░ржирзЗрж░ рж░рзЛржЧрзАрж░рж╛ ржПржоржиржХрж┐ ржХржмрж░рж╕рзНржерж╛ржирзЗ рж░рж╛ржд ржХрж╛ржЯрж╛рзЯред ржорзЗржбрж┐ржХрзЗрж▓ рж╕рж╛ржЗржирзНрж╕рзЗ ржПржЗ рж░рзЛржЧржХрзЗ Walking Corpse Sysdrome ржмрж▓рзЗред ... ... ... ржХрзНрж░рзЗржи ржмрзНрж░рж╛ржЗржирж┐, рзлрзк ржмржЫрж░ ржмрзЯрж╕рзА ржПржЗ ржЖржорзЗрж░рж┐ржХрж╛ржи ржирж╛рж░рзА рж╣ржарж╛рзО ржХрж░рзЗ ржПржХржжрж┐ржи рждрж╛рж░ ржмрж╛ржо рж╣рж╛ржд ржжрж┐рзЯрзЗ рж╕ржмрж╛рж░ рж╕рж╛ржоржирзЗ рждрж╛рж░ ржЬрж╛ржорж╛рж░ ржмрзЛрждрж╛ржо ржЦрзЛрж▓рж╛ рж╢рзБрж░рзБ ржХрж░рзЗржи ржЖрж░ ржбрж╛ржи рж╣рж╛ржд ржжрж┐рзЯрзЗ ржЖржЯржХрж╛рждрзЗ ржерж╛ржХрзЗржиред ржХрж┐ржЫрзБ ржжрж┐ржи ржкрж░рзЗ рждрж┐ржирж┐ ржЖржмрж┐рж╖рзНржХрж╛рж░ ржХрж░рзЗржи ржпрзЗ рж░рзЗрж╕рзНржЯрзБрж░рзЗржирзНржЯрзЗ рж╕рж╛рж░рж┐ржмржжрзНржз ржЯрзЗржмрж┐рж▓рзЗрж░ ржкрж╛рж╢ ржжрж┐рзЯрзЗ рж╣рзЗржЯрзЗ ржЬрж╛ржУрзЯрж╛рж░ рж╕ржорзЯ рждрж┐ржирж┐ ржорж╛ржирзБрж╖рзЗ ржЦрж╛ржмрж╛рж░ рждрзБрж▓рзЗ ржирж┐ржЪрзНржЫрзЗржиред ржЬржжрж┐ржУ рждрж┐ржирж┐ ржЬрж╛ржорж╛ ржЦрзЛрж▓рж╛ ржЖрж░ ржЦрж╛ржмрж╛рж░ ржЪрзБрж░рж┐ ржХрж░рж╛рж░ ржмрзНржпрж╛ржкрж╛рж░рзЗ ржмрж╛рж░ржмрж╛рж░ ржмрж▓рждрзЗ ржерж╛ржХрзЗржи ржпрзЗ рждрж┐ржирж┐ ржЗржЪрзНржЫрж╛ ржХрж░рзЗ ржХрж░рзЗржи ржирж╛ред ржПржЯрж╛ржУ ржПржХржЯрж╛ ржмрж┐рж░рж▓ ржзрж░ржирзЗрж░ рж░рзЛржЧ ржпрж╛ ржХрзНрж░рзЗржи ржмрзНрж░рж╛ржЗржирж┐рж░ ржПржХржЯрж╛ ржмрзНрж░рзЗржЗржи ржЕржкрж╛рж░рзЗрж╢ржи ржХрж░рж╛рж░ ржкрж░рзЗ рж╢рзБрж░рзБ рж╣рзЯред ржПржЗ рж░рзЛржЧрзЗ рж╣рж╛ржд рж░рзЛржЧрзАрж░ ржирж┐ржЬрзЗрж░ ржорж╕рзНрждрж┐рж╕рзНржХрзЗрж░ ржХржирзНржЯрзНрж░рзЛрж▓рзЗ ржерж╛ржХрзЗ ржирж╛ред ржорзЗржбрж┐ржХрзЗрж▓ рж╕рж╛ржЗржирзНрж╕рзЗ ржПржЗ рж░рзЛржЧржХрзЗ Alien Hand Sysdrome ржмрж▓рзЗред ... ... ... рж╣рзНржпрж╛рж░рж┐ ржЗрж╕рзНржЯрж▓рж╛ржХ, рззрзж ржмржЫрж░ ржмрзЯрж╕ ржерзЗржХрзЗ рждрж┐ржирж┐ ржПржХ ржЕржжрзНржнрзБржд рж╕ржорж╕рзНржпрж╛рзЯ ржнрзБржЧрждрзЗ ржерж╛ржХрзЗржиред рждрж╛рж░ рж╢рж░рзАрж░рзЗрж░ ржЕржЩрзНржЧ ржкрзНрж░рждрзНржпржЩрзНржЧржЧрзБрж▓рзЛ ржХрзЗржоржи ржЬрзЗржи ржнрж╛рж░рж┐ рж╣рждрзЗ ржерж╛ржХрзЗред ржкрж░рзЗ ржЕржирзЗржХ рж╣рж╛рж╕ржкрж╛рждрж╛рж▓ ржЖрж░ ржбрж╛ржХрзНрждрж╛рж░ ржжрзЗржЦрж╛ржирзЛрж░ ржкрж░рзЗ ржЖржмрж┐рж╖рзНржХрж╛рж░ ржХрж░рж╛ рж╣рзЯ ржпрзЗ рж╣рзНржпрж╛рж░рж┐рж░ ржорж╛ржВрж╢ржкрзЗрж╢рзАржЧрзБрж▓рзЛ ржзрзАрж░ ржзрзАрж░рзЗ ржкрж╛ржерж░рзЗ ржкрж░рж┐ржиржд рж╣ржЪрзНржЫрзЗред рждрж┐ржирж┐ рзкрзж ржмржЫрж░ ржмрзЗржБржЪрзЗ ржЫрж┐рж▓рзЗржиред ржорзГрждрзБрж░ ржЖржЧрзЗ рждрж╛рж░ рж╢рж░рзАрж░ ржкрзНрж░рж╛рзЯ ржкрж╛ржерж░рзЗ ржкрж░рж┐ржиржд рж╣рзЯрзЗ ржпрж╛рзЯ; рждрж╛рж░ ржарзЛржЯ ржЫрж╛рзЬрж╛ ржЖрж░ ржХрж┐ржЫрзБржЗ ржирж╛рзЬрж╛рждрзЗ ржкрж╛рж░рждрзЗржи ржирж╛ред рждрж┐ржирж┐ рждрж╛рж░ рж╢рж░рзАрж░ ржЧржмрзЗрж╖ржгрж╛рж░ ржЬржирзНржп ржжрж╛ржи ржХрж░рзЗ ржпрж╛ржиред рждрж╛рж░ ржкрж╛ржерж░рзЗрж░ рж╢рж░рзАрж░ ржлрж┐рж▓рж╛ржбрзЗрж▓ржлрж┐рзЯрж╛рж░ ржорж╛ржЯрж╛рж░ ржорж┐ржЙржЬрж┐рзЯрж╛ржорзЗ рж░рж╛ржЦрж╛ ржЖржЫрзЗред ржорзЗржбрж┐ржХрзЗрж▓ рж╕рж╛ржЗржирзНрж╕рзЗ ржПржЗ рж░рзЛржЧржХрзЗ Stone Man Syndrome ржмрж▓рзЗред ... ... ... рж╕ржорзЯржЯрж╛ рззрзпрзкрзз рж╕рж╛рж▓ред ржорж┐рж╕рзЗрж╕ ржЖрж╕рзНржЯрзНрж░рж╛ржЗрж▓, ржирж░ржУрзЯрзЗрж░ ржПржЗ ржнржжрзНрж░ржорж╣рж┐рж▓рж╛ рж╣ржарж╛рзО ржорж╛ржерж╛рзЯ ржЖржШрж╛ржд ржкрзЗрзЯрзЗ рж╣рж╛рж╕ржкрж╛рждрж╛рж▓рзЗ ржнрж░рзНрждрж┐ рж╣ржиред рж╕рзБрж╕рзНрже рж╣ржУрзЯрж╛рж░ ржкрж░рзЗ ржпржЦржи рждрж┐ржирж┐ ржХржерж╛ ржмрж▓рж╛ рж╢рзБрж░рзБ ржХрж░рзЗржи рждржЦржи рждрж╛рж░ ржЖрждрзНржорзАрзЯ рж╕рзНржмржЬржи рж╕ржмрж╛ржЗ рж╣рждржмрж╛ржХ рж╣рзЯрзЗ ржпрж╛рзЯред ржЖрж╕рзНржЯрзНрж░рж╛ржЗрж▓ рждрзЛ рж░рзАрждрж┐ржоржд ржЬрж╛рж░рзНржорж╛ржи ржЙржЪрзНржЪрж╛рж░ржгрзЗ ржХржерж╛ ржмрж▓ржЫрзЗржи! ржЖрж╕рзНржЯрзНрж░рж╛ржЗрж▓ рждрзЛ ржХрзЛржиржжрж┐ржи ржЬрж╛рж░рзНржорж╛ржирж┐рждрзЗ ржпрж╛ржи ржирж┐ ржХрж┐ржиржмрж╛ ржЬрж╛рж░рзНржорж╛ржи рж╢рж┐ржЦрзЗржи ржирж┐! рж╕рж╛рж░рж╛ ржХрж▓рж┐ржи, ржЖржорзЗрж░рж┐ржХрж╛ржи ржПржЗ ржнржжрзНрж░ржорж╣рж┐рж▓рж╛ ржЕржирзЗржХ ржжрж┐ржи ржерзЗржХрзЗ ржорж╛ржерж╛ ржмрзНржпржерж╛ ржЬржирж┐ржд рж╕ржорж╕рзНржпрж╛рзЯ ржнрзБржЧржЫрж┐рж▓рзЗржиред ржПржХржжрж┐ржи рждрзАржмрзНрж░ ржорж╛ржерж╛ ржмрзНржпрж╛ржерж╛ рж╣ржУрзЯрж╛рж░ ржкрж░рзЗ рждрж┐ржирж┐ ржЪрж╛ржЗржирж┐ржЬ ржЙржЪрзНржЪрж╛рж░ржгрзЗ ржХржерж╛ ржмрж▓рж╛ рж╢рзБрж░рзБ ржХрж░рзЗржи ржЬржжрж┐ржУ рждрж╛рж░ ржХрзЛржиржжрж┐ржи ржЪрж╛рзЯржирж╛рзЯ ржпрж╛ржУрзЯрж╛ рж╣рзЯ ржирж┐ред рзирзжрззрзй рж╕рж╛рж▓рзЗ ржПржЗ рж╕рж╛рж░рж╛ ржХрж▓рж┐ржиржХрзЗ ржирж┐рзЯрзЗ BBC ржкрзНрж░рж╛рзЯ ржПржХ ржШржгрзНржЯрж╛рж░ ржПржХржЯрж╛ ржбржХрзБржорзЗржирзНржЯрж╛рж░рж┐ ржкрзНрж░ржХрж╛рж╢ ржХрж░рзЗред ржПржЗ ржзрж░ржирзЗ рж╕ржорзНржпрж╕рж╛ рззрзпрзжрзн рж╕рж╛рж▓рзЗ ржкрзНрж░ржержо рж░рж┐ржкрзЛрж░рзНржЯ ржХрж░рж╛ рж╣рж▓рзЗржУ рзирзжрззрзм рж╕рж╛рж▓ ржкрж░рзНржпржирзНржд ржорзЛржЯ рзмрзй ржЯрж┐ ржХрзЗрж╕ рж░рзЗржХрж░рзНржб ржХрж░рж╛ рж╣рзЯрзЗржЫрзЗред рж╣ржарж╛рзО ржХрж░рзЗ ржнрж┐ржи ржжрзЗрж╢рж┐ ржЙржЪрзНржЪрж╛рж░ржгрзЗ ржХржерж╛ ржмрж▓рж╛ рж╢рзБрж░рзБ рж╣ржУрзЯрж╛ржХрзЗ ржорзЗржбрж┐ржХрзЗрж▓ рж╕рж╛ржЗржирзНрж╕рзЗрж░ ржнрж╛рж╖рж╛рзЯ .................Foreign Language Accent Syndrome ржмрж▓рзЗред ржбрж╛. ржорзЛржГ ржХрж╛ржорж░рзБржЬрзНржЬрж╛ржорж╛ржи(ржмрж┐:ржжрзНрж░: ржпржжрж┐ ржнрж╛рж▓рзЛ рж▓рж╛ржЧрзЗ рждрж╛рж╣рж▓рзЗ ржЖржкржнрзЛржЯ ржжрж┐ржпрж╝рзЗ ржПржмржВ ржЕржирзБрж╕рж░ржг ржХрж░рзЗ ржкрж╛рж╢рзЗ ржерж╛ржХржмрзЗржи, ржзржирзНржпржмрж╛ржжред )"
ржорж╛ржирж╕рж┐ржХ рж░рзЛржЧ ржорж╛ржирзЗржЗ ржХрж┐ ржкрж╛ржЧрж▓?,"ржирж╛,ржорж╛ржирзБрж╖рзЗрж░ ржмрж┐ржнрж┐ржирзНржи ржзрж░ржгрзЗрж░ ржорж╛ржирж╕рж┐ржХ рж╕ржорж╕рзНржпрж╛ ржерж╛ржХрзЗред ржпрзЗржоржи - рж╣рждрж╛рж╢рж╛, ржЕржирж┐ржжрзНрж░рж╛,ржоржиржорж░рж╛ ржЗрждрзНржпрж╛ржжрж┐ред ржкрж╛ржЧрж▓ рж╣ржЪрзНржЫрзЗ ржорж╛ржирж╕рж┐ржХ рж░рзЛржЧрзЗрж░ рж╕рж░рзНржмрзНржмрзЛржЪрзНржЪ ржкрж░рзНржпрж╛рзЯред (ржЖржорж┐ ржоржирзЛржмрж┐ржЬрзНржЮрж╛ржирзА ржирж╛)"
ржЖржорж┐ ржирж┐ржЬрзЗ ржХрзЛржирзЛ ржорж╛ржирж╕рж┐ржХ рж░рзЛржЧрзЗ ржЖржХрзНрж░рж╛ржирзНржд ржХрж┐ржирж╛ ржХрж┐ржнрж╛ржмрзЗ ржмрзБржЭржм?,"ржХрж╛рж▓рзНржкржирж┐ржХ ржЪрж┐ржирзНрждрж╛ ржПржмржВ ржПржЗ ржЪрж┐ржирзНрждрж╛-ржнрж╛ржмржирж╛ржЧрзБрж▓рзЛ рж░рзЛржЧрзАрж░ ржоржирзЗ ржмрж╛рж░ржмрж╛рж░ ржжрзЗржЦрж╛ ржпрж╛ржпрж╝ред ржЕржирзЗржХ ржЪрж┐ржирзНрждрж╛ ржЕрждрзНржпржирзНржд ржХрж╖рзНржЯржжрж╛рзЯржХ рж╣рж▓рзЗржУ рж░рзЛржЧрзА ржЗржЪрзНржЫрзЗ ржХрж░рж▓рзЗржЗ рж╕рзЗржЗ ржЪрж┐ржирзНрждрж╛ рждрзНржпрж╛ржЧ ржХрж░рждрзЗ ржкрж╛рж░рзЗржи ржирж╛ред тАв ржпрзЗ ржХрзЛржи ржЬрж┐ржирж┐рж╕ ржмрж╛рж░ржмрж╛рж░ ржЪрзЗржХ ржХрж░рж╛, ржпрзЗржоржи ржмрж╛рж╕рж╛ ржерзЗржХрзЗ ржХрзЛржерж╛ржУ ржШрзБрж░рждрзЗ ржмрзЗрж░рж┐рзЯрзЗ ржмрж╛рж░ржмрж╛рж░ ржлрж┐рж░рзЗ ржЧрж┐рзЯрзЗ ржЪрзЗржХ ржХрж░рж╛- ржжрж░ржЬрж╛рзЯ рждрж╛рж▓рж╛ рж▓рж╛ржЧрж╛ржирзЛ рж╣рзЯрзЗржЫрзЗ ржХрж┐ржирж╛ред ржмрж╛рж░ржмрж╛рж░ рж╣рж╛ржд ржзрзЛржпрж╝рж╛рж░ ржЕржнрзНржпрж╛рж╕ред тАв ржЕржжрзНржнрзБржд рж╕ржм рж╕ржорж╕рзНржпрж╛ ржмрж╛ ржкрзНрж░рж╢рзНржи ржирж┐ржпрж╝рзЗ рж░рзЛржЧрзА ржкрзНрж░ржЪржгрзНржб ржмрзНржпрж╕рзНржд ржерж╛ржХрзЗржи, ржХрж┐ржирзНрждрзБ рж╕рзЗрж╕ржм ржкрзНрж░рж╢рзНржирзЗрж░ рж╕ржжрзЛрждрзНрждрж░ ржорзЗрж▓рзЗ ржирж╛ред тАв ржХрзЗржЙ ржХрзЗржЙ ржХрзЛржи ржХржерж╛ ржмрж╛рж░ржмрж╛рж░ ржмрж▓рзЗ рждрж╛рж░ ржирж┐ржХржЯрж╛рждрзНржорзАржпрж╝ржХрзЗ ржмрж┐рж░ржХрзНржд ржХрж░рзЗржи, ржЕржержЪ ржпрж╛ ржПржХржмрж╛рж░ ржмрж▓рж▓рзЗржЗ рж╣ржпрж╝ред тАв ржП рж░рзЛржЧрзЗ ржЖржХрзНрж░рж╛ржирзНржд ржЕржирзЗржХрзЗ рж╕ржмржХрж┐ржЫрзБрждрзЗржЗ тАШржХрж┐ржирзНрждрзБтАЩ ржерзЗржХрзЗ ржмрзЗрж░рж┐рзЯрзЗ ржЖрж╕рждрзЗ ржкрж╛рж░рзЗржи ржирж╛, ржЕрж░рзНржерж╛рзО ржмрж┐ржнрзНрж░рж╛ржирзНржд ржерж╛ржХрзЗржиред>>>>>>>>>>>>>>рзз. рж╣ржарж╛рзО рж╣ржарж╛рзО ржХрж░рзЗ ржмрзЗрж╢рж┐ ржЙрждрзНрждрзЗржЬрж┐ржд рж╣ржпрж╝рзЗ ржУржарж╛ред рзи. ржЕржирзЗржХржжрж┐ржи ржзрж░рзЗ ржирж┐ржЬрзЗржХрзЗ рж╕ржмрж╛рж░ ржХрж╛ржЫ ржерзЗржХрзЗ рж╕рж░рж┐ржпрж╝рзЗ ржЧрзБржЯрж┐ржпрж╝рзЗ рж░рж╛ржЦрж╛ред рзй. ржЯрж╛ржирж╛ ржжрзБржЗ рж╕ржкрзНрждрж╛рж╣рзЗрж░ ржмрзЗрж╢рж┐ рж╕ржоржпрж╝ ржзрж░рзЗ ржоржи ржЦрж╛рж░рж╛ржк ржерж╛ржХрж╛ред рзк. ржЕржирзНржпржжрзЗрж░ рж╕ржЩрзНржЧрзЗ ржПржХрзЗржмрж╛рж░рзЗ ржХржерж╛ ржмрж▓рждрзЗ ржирж╛ ржЪрж╛ржУржпрж╝рж╛ред рзл. рж╕ржмрж╛рж░ рж╕рж╛ржерзЗ ржЭржЧржбрж╝рж╛ ржХрж░рж╛ред рзм. ржЧрж╛ржпрж╝рзЗржмрж┐ ржЖржУржпрж╝рж╛ржЬ ржмрж╛ ржХржерж╛ рж╢рзБржирждрзЗ ржкрж╛ржУржпрж╝рж╛ред рзн. ржЕржирзНржпржжрзЗрж░ ржЕржХрж╛рж░ржгрзЗ рж╕ржирзНржжрзЗрж╣ ржХрж░рждрзЗ рж╢рзБрж░рзБ ржХрж░рж╛ред рзо. ржЧрзЛрж╕рж▓ ржмрж╛ ржжрж╛ржБржд ржорж╛ржЬрж╛рж░ ржорждрзЛ ржирж┐ржпрж╝ржорж┐ржд ржкрзНрж░рж╛рждрзНржпрж╣рж┐ржХ ржХрж╛ржЬ ржХрж░рж╛ ржмржирзНржз ржХрж░рзЗ ржирж┐ржЬрзЗрж░ ржкрзНрж░рждрж┐ ржпрждрзНржи ржирж╛ ржирзЗржпрж╝рж╛ред рзп. ржпрзЗрж╕ржм ржХрж╛ржЬрзЗ ржЖржиржирзНржж ржкрж╛ржУржпрж╝рж╛ рж╕рзЗрж╕ржм ржХрж╛ржЬрзЗ ржирж┐рж░рж╛ржиржирзНржж ржУ ржЖржЧрзНрж░рж╣ ржХржорзЗ ржпрж╛ржУржпрж╝рж╛ред рззрзж. рж╕рж╛ржорж╛ржЬрж┐ржХ рж╕ржорзНржкрж░рзНржХ ржерзЗржХрзЗ ржирж┐ржЬрзЗржХрзЗ рж╕рж░рж┐ржпрж╝рзЗ ржирзЗржпрж╝рж╛ред рззрзз. ржирж┐ржЬрзЗржХрзЗ ржирж┐ржпрж╝рзЗ ржирзЗрждрж┐ржмрж╛ржЪржХ ржЪрж┐ржирзНрждрж╛ ржХрж░рж╛ ржмрж╛ ржирж┐ржЬрзЗржХрзЗ ржжрж╛ржпрж╝рзА ржоржирзЗ рж╣ржУржпрж╝рж╛ рж╕ржмржХрж┐ржЫрзБрждрзЗред рззрзи. рж╕рж┐ржжрзНржзрж╛ржирзНрждрж╣рзАржирждрж╛ ржмрж╛ ржоржирзЛржпрзЛржЧ ржХржорзЗ ржпрж╛ржУржпрж╝рж╛ ржПржмржВ ржЦрзБржм рждрзАржмрзНрж░ рж╣рж▓рзЗ ржЖрждрзНржорж╣рждрзНржпрж╛рж░ ржЪрж┐ржирзНрждрж╛ ржкрж░рж┐ржХрж▓рзНржкржирж╛ ржУ ржЪрзЗрж╖рзНржЯрж╛ ржХрж░рзЗред рззрзй. ржЕрждрж┐рж░рж┐ржХрзНржд рж╢рзБржЪрж┐ржмрж╛ржпрж╝рзБржЧрзНрж░рж╕рзНрже рж╣ржпрж╝рзЗ ржУржарж╛ред рззрзк. ржШрзБржо ржЕрж╕рзНржмрж╛ржнрж╛ржмрж┐ржХ ржХржо ржмрж╛ ржмрж╛ржбрж╝рждрзЗ ржкрж╛рж░рзЗред рззрзл. ржЦрж╛ржмрж╛рж░рзЗ ржЕрж░рзБржЪрж┐ рждрзИрж░рж┐ рж╣ржУржпрж╝рж╛ ржмрж╛ рж░рзБржЪрж┐ ржмрзЗржбрж╝рзЗ ржпрж╛ржУржпрж╝рж╛ред рззрзм. ржмрж╛рж╕рж╛рж░, ржЕржлрж┐рж╕рзЗрж░ ржмрж╛ ржкрзЗрж╢рж╛ржЧржд ржХрж╛ржЬрзЗрж░ ржкрзНрж░рждрж┐ ржЕржирзАрж╣рж╛ рждрзИрж░рж┐ рж╣ржУржпрж╝рж╛ ржмрж╛ ржЖржЧрзНрж░рж╣ рж╣рж╛рж░рж┐ржпрж╝рзЗ ржлрзЗрж▓рж╛ред рждржмрзЗ ржПржЗ рж╕ржорж╕рзНржпрж╛ржЧрзБрж▓рзЛрж░ ржорж╛ржирзЗржЗ ржпрзЗ рждрж╛рж░ ржорж╛ржирж╕рж┐ржХ рж░рзЛржЧ рж╣ржмрзЗ, рждрж╛ ржиржпрж╝ред рждржмрзЗ ржПрж╕ржм ржЙржкрж╕рж░рзНржЧ ржмрж╛ рж▓ржХрзНрж╖ржг ржжрзЗржЦрж╛ ржЧрзЗрж▓рзЗ ржПржХржЬржи ржорж╛ржирж╕рж┐ржХ рж░рзЛржЧ ржмрж┐рж╢рзЗрж╖ржЬрзНржЮрзЗрж░ рж╕ржЩрзНржЧрзЗ ржХржерж╛ ржмрж▓рж╛ ржЙржЪрж┐рждред рждрж╛рж░рж╛ рж╕рзЗржЯрж╛ ржмрж┐рж╢рзНрж▓рзЗрж╖ржг ржХрж░рзЗ ржмрзБржЭрждрзЗ ржкрж╛рж░ржмрзЗржи ржпрзЗ, ржПржЦрж╛ржирзЗ ржЖрж╕рж▓рзЗ ржХрзЛржирзЛ ржмрзНржпржмрж╕рзНржерж╛ ржирзЗржпрж╝рж╛ ржЙржЪрж┐ржд ржХрж┐ржирж╛ред ржЖржорж╛ржжрзЗрж░ рж╕ржмрж╛рж░ ржоржзрзНржпрзЗ ржХрж┐ржЫрзБ ржХрж┐ржЫрзБ ржЖржЪрж░ржгрзЗрж░ ржЕрж╕рзНржмрж╛ржнрж╛ржмрж┐ржХрждрж╛ ржерж╛ржХрждрзЗ ржкрж╛рж░рзЗред рж╕рзЗржЯрж╛ рж╣рж▓рзЗржЗ рж╕ржмрж╛ржЗржХрзЗ ржорж╛ржирж╕рж┐ржХ рж░рзЛржЧрзА ржмрж▓рж╛ ржпрж╛ржмрзЗ ржирж╛ред ржХрж┐ржирзНрждрзБ рждрж╛рж░ ржПржЗ ржоржирзЗрж░ ржЕржмрж╕рзНржерж╛рж░ ржХрж╛рж░ржгрзЗ ржпржжрж┐ рждрж╛рж░ рж╕рзНржмрж╛ржнрж╛ржмрж┐ржХ ржмрж╛ ржкрзНрж░рж╛рждрзНржпрж╣рж┐ржХ ржХрж░рзНржоржХрж╛ржгрзНржб ржмрзНржпрж╛рж╣ржд рж╣рждрзЗ ржерж╛ржХрзЗ, рждржЦржирж┐ ржмрзБржЭрждрзЗ рж╣ржмрзЗ ржпрзЗ, рж╕рзЗ рж╣ржпрж╝рждрзЛ ржорж╛ржирж╕рж┐ржХржнрж╛ржмрзЗ ржЕрж╕рзБрж╕рзНрже рж╣ржпрж╝рзЗ ржкржбрж╝ржЫрзЗред"
ржорж╛ржирж╕рж┐ржХ рж░рзЛржЧрзЗрж░ ржХрж╛рж░ржгрзЗ ржХрж┐ ржкрзНрж░рзЗрж╢рж╛рж░рзЗрж░ ржХрзЛржирзЛ ржкрзНрж░ржнрж╛ржм ржкржбрж╝рзЗ?,ржПржЯрж╛ ржбрж╛ржХрзНрждрж╛рж░ ржмрж▓рждрзЗ ржкрж╛рж░ржмрзЗ ред ржЖржорж┐ ржбрж╛ржХрзНрждрж╛рж░ ржиржЗ ред ржзржирзНржпржмрж╛ржж
ржорж╛ржирж╕рж┐ржХ рж░рзЛржЧрзЗрж░ ржмрзИрж╢рж┐рж╖рзНржЯржЧрзБрж▓рж┐ ржХрзА ржХрзА? ржХрж┐ржнрж╛ржмрзЗ ржПржЗ рж░рзЛржЧрзЗрж░ рж╣рж╛ржд ржерзЗржХрзЗ ржорзБржХрзНрждрж┐ ржкрж╛ржУрзЯрж╛ ржпрж╛ржмрзЗ?,"ржорж╛ржирж╕рж┐ржХ рж░рзЛржЧ ржХрзЛржиржУ ржПржХржЯрж┐ ржирж┐рж░рзНржжрж┐рж╖рзНржЯ ржЕрж╕рзБрж╕рзНржерждрж╛ ржирзЯ ржпрзЗ рждрж╛рж░ ржмрзИрж╢рж┐рж╖рзНржЯрзНржп ржУ ржирж┐рж░рж╛ржорзЯржкржжрзНржзрждрж┐ ржПржЦрж╛ржирзЗ ржПржХржЯрж┐ ржЙрждрзНрждрж░рзЗ ржжрзЗржУрзЯрж╛ рж╕ржорзНржнржмред ржорж╛ржирж╕рж┐ржХ рж░рзЛржЧрзЗрж░ ржкрзНрж░рж╛ржержорж┐ржХ ржзрж╛рж░ржгрж╛рж░ ржЬржирзНржп ржПржирж╕рж╛ржЗржХрзНрж▓рзЛржкрж┐ржбрж┐рзЯрж╛ ржмрзНрж░рж┐ржЯрж╛ржирж┐ржХрж╛рж░ ржирж┐ржорзНржирзЛржХрзНржд ржкрзНрж░ржмржирзНржзржЯрж┐ ржкрзЬрждрзЗ ржкрж╛рж░рзЗржиред ржкрзНрж░ржмржирзНржзржЯрж┐ ржпрзЗ ржжрж┐ржХржкрж╛рж▓ ржоржирзЛржмрж┐рж╢рзЗрж╖ржЬрзНржЮрж░рж╛ рж▓рж┐ржЦрзЗржЫрзЗржи, рждрж╛ржБржжрзЗрж░ ржоржзрзНржпрзЗ ржжрзБ'ржЬржирзЗрж░ ржХрж╛ржЫрзЗ рж╢рж┐ржХрзНрж╖рж╛рж▓рж╛ржнрзЗрж░ рж╕рзМржнрж╛ржЧрзНржп ржЖржорж╛рж░ рж╣рзЯрзЗржЫрзЗред mental disorder | Definition, Types, Treatment, & Facts"
ржорж╛ржирж╕рж┐ржХ рж░рзЛржЧ ржерзЗржХрзЗ ржорзБржХрзНрждрж┐рж░ ржЙржкрж╛рзЯ ржХрзА?,ржорж╛ржирж╕рж┐ржХ рж░рзЛржЧ ржкрзНрж░рждрж┐рж░рзЛржз ржХрзНрж╖ржорждрж╛ ржмрж╛рзЬрж╛ржмрзЗржи ржпрзЗржнрж╛ржмрзЗ To know more : рж░рзЛржЧ ржкрзНрж░рждрж┐рж░рзЛржзрзЗрж░ ржХрзНрж╖ржорждрж╛ рж╕ржм ржорж╛ржирзБрж╖рзЗрж░ ржоржзрзНржпрзЗ ржХржоржмрзЗрж╢рж┐ рж░рзЯрзЗржЫрзЗред рж░рзЛржЧржкрзНрж░рждрж┐рж░рзЛржз ржХрзНрж╖ржорждрж╛ рж╣рж▓рзЛ ржмрж┐ржнрж┐ржирзНржи ржзрж░ржирзЗрж░ рж╢рж╛рж░рзАрж░рж┐ржХ ржУ ржорж╛ржирж╕рж┐ржХ рж░рзЛржЧрзЗрж░ рж╣рж╛ржд ржерзЗржХрзЗ ржирж┐ржЬрзЗржХрзЗ рж░ржХрзНрж╖рж╛ ржХрж░рж╛рж░ ржПржХржЯрж┐ ржкрзНрж░рждрж┐рж░ржХрзНрж╖рж╛ ржмрзНржпржмрж╕рзНржерж╛..
ржорж╛ржирж╕рж┐ржХ рж░рзЛржЧ ржерзЗржХрзЗ ржбржХрзНржЯрж░ ржмрзНржпрж╛рждрж┐ржд ржХрж┐ржнрж╛ржмрзЗ ржмрзЗрзЬрж┐рзЯрзЗ ржПрж╕рзЗ ржорзБржХрзНрждрж┐ ржкрж╛ржУрзЯрж╛ ржпрж╛рзЯ?,рзз) ржХржмрж┐рждрж╛ рж▓рж┐ржЦрждрзЗ рж╢рзБрж░рзБ ржХрж░рзЗржиред рзи) ржЪрж╛рзЯрзЗрж░ ржжрзЛржХрж╛ржи ржжрж┐рждрзЗ ржкрж╛рж░рзЗржиред рзй) ржПржХржЯрж╛ ржкрзНрж░рзЗржо ржХрж░рждрзЗ ржкрж╛рж░рзЗржиред рзк) рж░рж╛ржЬржирзАрждрж┐рждрзЗ ржкрзНрж░ржмрзЗрж╢ ржХрж░рждрзЗ ржкрж╛рж░рзЗржиред рзл) ржПржХржЯрж╛ ржорж╛рж░рзНржХрзЗржЯрж┐ржВ ржПрж░ ржЪрж╛ржХрж░рж┐ ржирж┐рждрзЗ ржкрж╛рж░рзЗржиред
ржХрж┐ржЫрзБ ржЕржжрзНржнрзБржд ржорж╛ржирж╕рж┐ржХ рж░рзЛржЧрзЗрж░ ржХржерж╛ ржЬрж╛ржирж╛ржмрзЗржи ржХрж┐?,"ржПржЦрж╛ржирзЗ ржХрзЯрзЗржХржЯрж┐ ржорж╛ржирж╕рж┐ржХ рж░рзЛржЧрзЗрж░ ржХржерж╛ ржЙрж▓рзНрж▓рзЗржЦ ржХрж░рж▓рж╛ржоред ржзрзИрж░рзНржпрзНржп ржирж┐рзЯрзЗ ржкрзЬржмрзЗржиЁЯШХ ржЕрзНржпрж╛ржбрзЗрж▓ рж╕рж┐ржиржбрзНрж░рзЛржо (Adele Syndrome) ржлрзНрж░рзЗржЮрзНржЪ рж▓рзЗржЦржХ ржнрж┐ржХрзНржЯрзЛрж░ рж╣рзБржЧрзЛрж░ ржХржирзНржпрж╛ ржЕрзНржпрж╛ржбрзЗрж▓ рж╣рзБржЧрзЛрж░ ржирж╛ржорж╛ржирзБрж╕рж╛рж░рзЗ ржПржЗ рж░рзЛржЧрзЗрж░ ржирж╛ржо ржЕрзНржпрж╛ржбрзЗрж▓ рж╕рж┐ржиржбрзНрж░рзЛржоред ржЕрзНржпрж╛ржбрзЗрж▓ рж╕рж┐ржЬрзЛржлрзНрж░рзЗржирж┐рзЯрж╛рзЯ ржЖржХрзНрж░рж╛ржирзНржд ржЫрж┐рж▓ред рж╕рж┐ржЬрзЛржлрзНрж░рзЗржирж┐рзЯрж╛рж░ ржХрж╛рж░ржгрзЗржЗ ржХрж┐ржирж╛, рждрж╛рж░ ржирждрзБржи ржзрж░ржгрзЗрж░ ржПржХ ржЖрж╕ржХрзНрждрж┐ ржжрзЗржЦрж╛ ржжрзЗрзЯред рж╕рзЗ ржПржХржЬржи ржмрзНрж░рж┐ржЯрж┐рж╢ ржорж┐рж▓рж┐ржЯрж╛рж░рж┐ ржЕржлрж┐рж╕рж╛рж░рзЗрж░ ржкрзНрж░рзЗржорзЗ ржПрждржЯрж╛ржЗ ржЖрж╕ржХрзНржд рж╣рзЯрзЗ ржкрж░рзЗ ржпрзЗ ржорж┐рж▓рж┐ржЯрж╛рж░рж┐ ржЕржлрж┐рж╕рж╛рж░ржЯрж┐ рждрж╛ржХрзЗ ржкрзНрж░рждрзНржпрж╛ржЦрзНржпрж╛ржи ржХрж░рж▓рзЗ рж╕рзЗ ржкрж╛ржЧрж▓ржкрзНрж░рж╛рзЯ рж╣рзЯрзЗ ржпрж╛рзЯред ржПржЗ рж░рзЛржЧрзЗрж░ ржкрж░рж┐ржгрждрж┐ рж╣рж┐рж╕рзЗржмрзЗ рж╕рзЗржЗ ржорж┐рж▓рж┐ржЯрж╛рж░рж┐ ржЕржлрж┐рж╕рж╛рж░ржЯрж┐ ржЕржирзНржп ржПржХржЬржиржХрзЗ ржмрж┐рзЯрзЗ ржХрж░рж▓рзЗ рж╢рзЗрж╖ ржкрж░рзНржпржирзНржд ржЕрзНржпрж╛ржбрзЗрж▓рзЗрж░ ржарж╛ржБржЗ рж╣рзЯ ржкрж╛ржЧрж▓рж╛ржЧрж╛рж░ржжрзЗред ржкрзНрж░рзЗржо ржирж┐рзЯрзЗ ржПржЗ ржнрзЯрж╛ржмрж╣ ржЖрж╕ржХрзНрждрж┐ ржпрзЗ ржПржХржзрж░ржгрзЗрж░ ржЕрж╕рзБрж╕рзНржерждрж╛ рждрж╛ ржЕржирзЗржХрзЗржЗ ржорж╛ржирждрзЗ ржЪрж╛рзЯ ржирж╛ред ржХрж┐ржирзНрждрзБ рж╕рж╛ржЗржХрзНрж░рж┐рзЯрж╛ржЯрж┐рж╕рзНржЯрж░рж╛ рж╕рж╛ржорзНржкрзНрж░рждрж┐ржХ ржПржХ ржЧржмрзЗрж╖ржгрж╛рзЯ ржжрзЗржЦрзЗржЫрзЗржи ржпрзЗ, ржП ржЖрж╕ржХрзНрждрж┐ рждрж╛ржорж╛ржХ, ржЕрзНржпрж╛рж▓ржХрзЛрж╣рж▓ ржмрж╛ ржХрзНрж░рзЗржкржЯрзЛржорзНржпрж╛ржирж┐рзЯрж╛ ржЖрж╕ржХрзНрждрж┐рж░ ржорждржЗ ржнрзЯрж╛ржмрж╣ ржпрж╛ рж░рзЛржЧрзАрж░ рж╢рж╛рж░рзАрж░рж┐ржХ ржПржмржВ ржорж╛ржирж╕рж┐ржХ рж╕рзНржмрж╛рж╕рзНржерзНржпрзЗрж░ ржорж╛рж░рж╛рждрзНржоржХ ржХрзНрж╖рждрж┐ ржХрж░рзЗред ржП ржмрзНржпрж╛ржзрж┐рждрзЗ ржЖржХрзНрж░рж╛ржирзНржд ржмрзНржпржХрзНрждрж┐ ржмрж┐рж╖ржирзНржирждрж╛рзЯ ржнрзБржЧрждрзЗ ржерж╛ржХрзЗред рждрж╛рж░рж╛ ржирж┐ржЬрзЗржЗ ржирж┐ржЬрзЗржХрзЗ ржирж╛ржирж╛ржнрж╛ржмрзЗ ржХрж╖рзНржЯ ржжрж┐рждрзЗ ржерж╛ржХрзЗ, ржЕржмрж╛рж╕рзНрждржм ржЖрж╢рж╛рзЯ ржмрзБржХ ржмрж╛ржБржзрзЗ, ржирж┐ржЬрзЗржЗ ржирж┐ржЬрзЗржХрзЗ ржмрж┐ржнрж┐ржирзНржиржнрж╛ржмрзЗ ржзрзЛржБржХрж╛ ржжрж┐рждрзЗ ржерж╛ржХрзЗ, ржХрж╛рж░рзЛ ржХрзЛржи ржЙржкржжрзЗрж╢ ржорж╛ржирждрзЗ ржЪрж╛рзЯржирж╛, ржмрзЗржкрж░рзЛрзЯрж╛ ржЖржЪрж░ржг ржХрж░рждрзЗ ржерж╛ржХрзЗ, ржХрж╛рж░рзЛ рж╕рж╛ржерзЗ ржорж┐рж╢рждрзЗ ржЪрж╛рзЯржирж╛ ржПржмржВ ржнрж╛рж▓ржмрж╛рж╕рж╛рж░ ржорж╛ржирзБрж╖ржЯрж┐ ржЫрж╛рзЬрж╛ ржкрзГржерж┐ржмрзАрж░ ржпрж╛ржмрждрзАрзЯ ржмрзНржпрж╛ржкрж╛рж░рзЗ ржЖржЧрзНрж░рж╣ рж╣рж╛рж░рж┐рзЯрзЗ ржлрзЗрж▓рзЗред тАЩржжрзНржп рж╕рзНржЯрзЛрж░рж┐ ржЕржм ржЕрзНржпрж╛ржбрзЗрж▓ ржПржЗржЪтАЩ ржирж╛ржоржХ рж╕рж┐ржирзЗржорж╛рзЯ ржП рж░рзЛржЧржЯрж┐ ржЙржкрж╕рзНржерж╛ржкржи ржХрж░рж╛ рж╣рзЯрзЗржЫрзЗред ржПржЫрж╛рзЬрж╛, ржнрж╛рж░рждрзАрзЯ ржПржХржЯрж╛ рж╕рж┐ржирзЗржорж╛ ржЖржЫрзЗ тАЬржкрзЗрзЯрж╛рж░ рждрзБржирзЗ ржХрж┐рзЯрзНржпрж╛ ржХрж┐рзЯрж╛тАЭред ржЙрж░рзНржорж┐рж▓рж╛ ржорж╛рж░рзНрждржирзНржбрзЛржХрж╛рж░ рж╕рзЗ рж╕рж┐ржирзЗржорж╛рзЯ ржЕрзНржпрж╛ржбрзЗрж▓ рж╕рж┐ржиржбрзНрж░рзЛржорзЗ ржЖржХрзНрж░рж╛ржирзНржд ржПржХржЬржи рж░рзЛржЧрзАрж░ ржЪрж░рж┐рждрзНрж░рзЗ ржЕрж╕рж╛ржзрж╛рж░ржг ржЕржнрж┐ржирзЯ ржХрж░рзЗржЫрзЗржиредржХрзБрзЯрж╛рж╕рж┐ржорзЛржбрзЛ рж╕рж┐ржиржбрзНрж░рзЛржо (Quasimodo syndrome) ржХрзБрзЯрж╛рж╕рж┐ржорзЗрж╛ржбрзЛ рж╕рж┐ржиржбрзНрж░рзЛржо ржмрж╛ ржмржбрж┐ ржбрж┐рж╕ржорж░ржлрж┐ржХ ржбрж┐рж╕ржЕрж░рзНржбрж╛рж░ ржПржоржи ржПржХ ржмрзНржпрж╛ржзрж┐ ржпрзЗржЯрж╛рзЯ ржЖржХрзНрж░рж╛ржирзНржд рж╣рж▓рзЗ рж░рзЛржЧрзА ржирж┐ржЬрзЗржЗ ржирж┐ржЬрзЗрж░ ржЦрзБржБржд ржмрзЗрж░ ржХрж░рждрзЗ ржорж░рж┐рзЯрж╛ рж╣рзЯрзЗ ржкрзЬржмрзЗред ржирж┐ржЬрзЗрж░ ржЫрзЛржЯржЦрж╛ржЯ рж╢рж╛рж░рзАрж░рж┐ржХ рждрзНрж░рзБржЯрж┐ржУ ржЖржХрзНрж░рж╛ржирзНржд ржмрзНржпржХрзНрждрж┐рж░ ржХрж╛ржЫрзЗ ржмрзЬ рж╣рзЯрзЗ ржжрзЗржЦрж╛ ржжрж┐ржмрзЗред ржП рж░рзЛржЧрзЗ ржЖржХрзНрж░рж╛ржирзНржд ржмрзНржпржХрзНрждрж┐ ржкрзНрж░рждрж┐ржирж┐рзЯржд ржЖрзЯржирж╛рж░ рж╕рж╛ржоржирзЗ ржжрж╛ржБрзЬрж╛ржмрзЗ ржПржмржВ ржмрж┐ржнрж┐ржирзНржи ржжрж┐ржХ ржерзЗржХрзЗ ржирж┐ржЬрзЗрж░ ржПржоржи ржПржоржи рж╕ржм рж╢рж╛рж░рзАрж░рж┐ржХ рждрзНрж░рзБржЯрж┐ ржЦрзБржБржЬрзЗ ржмрзЗрж░ ржХрж░ржмрзЗ ржпрзЗржЯрж╛ ржЖрж╕рж▓рзЗ рждрж╛рж░ ржоржзрзНржпрзЗ ржирзЗржЗред ржЫржмрж┐ рждрзЛрж▓рж╛рж░ ржмрзНржпрж╛ржкрж╛рж░рзЗ рждрж╛ржжрзЗрж░ ржоржзрзНржпрзЗ ржмрзНржпрж╛ржкржХ ржЕржирзАрж╣рж╛ ржжрзЗржЦрж╛ ржжрж┐ржмрзЗред ржХрзНржпрж╛ржорзЗрж░рж╛рж░ рж╕рж╛ржоржирзЗ ржпрзЗрждрзЗ ржЪрж╛ржЗржмрзЗ ржирж╛, ржЫржмрж┐рждрзЗ рждрж╛ржжрзЗрж░ рждрзНрж░рзБржЯрж┐ ржжрзЗржЦрж╛ ржпрж╛ржмрзЗ рж╕рзЗржЗ ржнрзЯрзЗред рж░рзЛржЧрзА рждрж╛рж░ ржЪрзЗрж╣рж╛рж░рж╛рж░ ржЕрждрж┐рж░рж┐ржХрзНржд ржпрждрзНржи ржирзЗржУрзЯрж╛ рж╢рзБржзрзБ ржХрж░ржмрзЗред ржирж┐ржЬрзЗрж░ ржЪрзЗрж╣рж╛рж░рж╛ ржирж┐рзЯрзЗ ржПржЗ ржЕрждрж┐рж░рж┐ржХрзНржд ржЦрзБржБрждржЦрзБржБрждрж╛ржирж┐рж░ ржлрж▓рзЗ рждрж╛рж░ ржкрзНрж░рзЗржорзЗрж░ рж╕ржорзНржкрж░рзНржХрзЗрж░ ржХрзНрж╖рзЗрждрзНрж░рзЗржУ рж╕ржорж╕рзНржпрж╛ ржжрзЗржЦрж╛ ржжрж┐ржмрзЗред рждрж╛рж░ ржоржзрзНржпрзЗ ржЖрждрзНржоржорж░рзНржпрж╛ржжрж╛рж░ ржШрж╛ржЯрждрж┐ ржжрзЗржЦрж╛ ржжрж┐ржмрзЗ ржПржмржВ рж▓рзЛржХрзЗрж░ рж╕рж╛ржоржирзЗ ржпрзЗрждрзЗ рж╕рзЗ ржЕрж╕рзНржмрж╕рзНрждрж┐ ржмрзЛржз ржХрж░ржмрзЗред ржирж┐ржЬрзЗрж░ ржЪрзЗрж╣рж╛рж░рж╛рж░ ржХрж╛рж▓рзНржкржирж┐ржХ рждрзНрж░рзБржЯрж┐рж░ ржХрж╛рж░ржгрзЗ рждрж╛рж░ рж╕рж╛ржорж╛ржЬрж┐ржХ ржЬрзАржмржи-ржпрж╛ржкржиржУ ржмрзНржпрж╛рж╣ржд рж╣ржмрзЗред ржХрж╛рж░рзЛ рж╕рж╛ржоржирзЗ ржЧрзЗрж▓рзЗржЗ рждрж╛рж░ ржоржирзЗ рж╣ржмрзЗ, ржПржЗ ржмрзБржЭрж┐ рж╕ржмрж╛ржЗ рждрж╛рж░ рждрзНрж░рзБржЯрж┐ ржзрж░рзЗ ржлрзЗрж▓ржмрзЗ ржПржмржВ рждрж╛ржХрзЗ ржирж┐рзЯрзЗ рж╣рж╛рж╕рж╛рж╣рж╛рж╕рж┐ ржХрж░ржмрзЗредржПрж░рзЛржЯрзЛржорзНржпрж╛ржирж┐рзЯрж╛ (Erotomania) ржПржЗ ржмрзНржпрж╛ржзрж┐рждрзЗ ржЖржХрзНрж░рж╛ржирзНржд ржмрзНржпржХрзНрждрж┐ рж╕ржмрж╕ржорзЯ ржЪрж┐ржирзНрждрж╛ ржХрж░рждрзЗ ржерж╛ржХржмрзЗ ржпрзЗ ржХрзЗржЙ ржПржХржЬржи рждрж╛рж░ ржкрзНрж░рзЗржорзЗ ржкрзЬрзЗржЫрзЗред рж╕рзЗржЗ ржХрзЗржЙ ржПржХржЬржи ржЖржмрж╛рж░ рждрж╛рж░ ржЪрзЗрзЯрзЗ ржмрзЗрж╢рж┐ рж╕рж╛ржорж╛ржЬрж┐ржХ ржорж░рзНржпрж╛ржжрж╛ рж╕ржорзНржкрзВрж░рзНржг(ржмрж┐рж╢рзЗрж╖ржд,ржХрзЛржи рж╕рзЗрж▓рж┐ржмрзНрж░рзЗржЯрж┐)рж╣ржУрзЯрж╛рж░ рж╕ржорзНржнрж╛ржмржирж╛ред ржорж╛ржирзЗ ржкрж░рж┐ржЪрж┐ржд ржмрж╛ рж╕рзНржмрж▓рзНржк ржкрж░рж┐ржЪрж┐ржд ржХрзЗржЙ ржпржжрж┐ рж░рзЛржЧрзАрж░ ржкрзНрж░рждрж┐ рж╕рзНржмрж╛ржнрж╛ржмрж┐ржХ рж╕рж╣рж╛ржирзБржнрзВрждрж┐, рж╕рзЗрзЧржЬржирзНржпрждрж╛, ржПржмржВ ржЖржирзНрждрж░рж┐ржХрждрж╛ ржжрзЗржЦрж╛рзЯ, рждржмрзЗ рж░рзЛржЧрзА ржирж┐рж╢рзНржЪрж┐ржд ржХрж▓рзНржкржирж╛ ржХрж░рзЗ ржирзЗрзЯ, рж╕рзЗ ржмрзНржпржХрзНрждрж┐ рждрж╛рж░ ржкрзНрж░рзЗржорзЗ ржкрзЬрзЗржЫрзЗред рж░рзЛржЧрзА ржХрж▓рзНржкржирж╛ ржХрж░рждрзЗ ржерж╛ржХрзЗ, рж╕рзЗ ржмрзНржпржХрзНрждрж┐ рждрж╛рж░ ржкрзНрж░рждрж┐ ржкрзНрж░рзЗржо ржирж┐ржмрзЗржжржирзЗрж░ ржЬржирзНржп ржмрж┐ржнрж┐ржирзНржи ржорж╛ржзрзНржпржорзЗ ржмрж┐ржнрж┐ржирзНржи ржзрж░ржгрзЗрж░ ржЧрзЛржкржи ржЗржЩрзНржЧрж┐ржд ржжрж┐ржЪрзНржЫрзЗред ржПржоржиржХрж┐ ржпржжрж┐ ржХрж▓рзНржкрж┐ржд ржмрзНржпржХрзНрждрж┐ рж╕рзНржмрж╛ржнрж╛ржмрж┐ржХ ржПржХржЯрж╛ тАШржирж╛тАЩ ржУ ржмрж▓рзЗ рждржмрзЗ рж░рзЛржЧрзА ржХрж▓рзНржкржирж╛ ржХрж░рзЗ ржирзЗрзЯ ржпрзЗ ржПржЯрж╛ рж╣рзЯржд ржХрзЛржи ржЧрзЛржкржи ржЗржЩрзНржЧрж┐ржд ржЫрж┐рж▓ред ржХрзЛржи ржХрзЛржбрзЗржб ржорзНржпрж╛рж╕рзЗржЬред ржпрж╛рж░ ржорж╛ржзрзНржпржорзЗ ржмрзНржпржХрзНрждрж┐ржЯрж┐ рждрж╛рж░ ржЧрзЛржкржи ржнрж╛рж▓ржмрж╛рж╕рж╛рж░ ржХржерж╛ ржЕржирзНржпржжрзЗрж░ ржХрж╛ржЫ ржерзЗржХрзЗ ржЖрзЬрж╛рж▓ ржХрж░рждрзЗ ржЪрж╛ржЪрзНржЫрзЗред тАЬржлрзНрж░ржо ржжрзНржп рж▓рзНржпрж╛ржирзНржб ржЕржм ржжрзНржп ржорзБржитАЭ рж╕рж┐ржирзЗржорж╛рзЯ ржП рж░рзЛржЧржЯрж┐ ржЙржкрж╕рзНржерж╛ржкржи ржХрж░рж╛ рж╣рзЯрзЗржЫрзЗредржХрзНржпрж╛ржкржЧрзНрж░рзЗрж╕ ржбрзЗрж▓рзНржпрзБрж╢ржи (Capgras delusion) ржХрзНржпрж╛ржкржЧрзНрж░рзЗрж╕ ржбрзЗрж▓рзНржпрзБрж╢ржирзЗ ржЖржХрзНрж░рж╛ржирзНржд ржмрзНржпржХрзНрждрж┐ рждрж╛рж░ ржкрж╛рж╢рзЗржЗ ржЦрзБржм ржХрж╛ржЫрзЗрж░ ржПржХржЬржиржХрзЗ, ржХрзЛржи ржмржирзНржзрзБ ржмрж╛ ржирж┐ржЬрзЗрж░ ржЬржоржЬржХрзЗ ржХрж▓рзНржкржирж╛ ржХрж░рждрзЗ ржерж╛ржХрзЗ, ржпрж╛рж░ ржЖрж╕рж▓рзЗ ржмрж╛рж╕рзНрждржмрзЗ ржХрзЛржи ржЕрж╕рзНрждрж┐рждрзНржмржЗ ржирзЗржЗред рж░рзЛржЧрзА ржирж╛ржирж╛ ржзрж░ржгрзЗрж░ ржЦрж╛рж░рж╛ржк ржХрж╛ржЬ ржХрж░рждрзЗ ржерж╛ржХрзЗ ржПржмржВ рж╕рзЗ ржмрзБржЭрждрзЗ ржкрж╛рж░рзЗ ржирж╛ ржпрзЗ рж╕рзЗржЗ ржХрж╛ржЬржЧрзБрж▓рзЛ рждрж╛рж░ ржжрзНржмрж╛рж░рж╛ рж╣рзЯрзЗржЫрзЗред рж╕рзЗ рждрж╛рж░ ржкрж╛рж╢рзЗрж░ ржХрж╛рж▓рзНржкржирж┐ржХ ржорж╛ржирзБрж╖ржЯрж╛ржХрзЗ рждрж╛рж░ ржХрж░рж╛ ржмрж┐ржнрж┐ржирзНржи ржЦрж╛рж░рж╛ржк ржХрж╛ржЬрзЗрж░ ржЬржирзНржп ржжрзЛрж╖рж╛рж░рзЛржк ржХрж░рждрзЗ ржерж╛ржХрзЗред ржПржЗ рж░рзЗрж╛ржЧржЯрж┐ рж╕рж┐ржЬрзЛржлрзНрж░рзЗржирж┐рзЯрж╛рзЯ ржЖржХрзНрж░рж╛ржирзНржд рж░рзЛржЧрзАржжрзЗрж░ рж╣рзЯрзЗ ржерж╛ржХрзЗред тАЬржжрзНржп ржбрж╛ржмрж▓тАЭ ржирж╛ржорзЗрж░ ржПржХржЯрж┐ рж╣рж▓рж┐ржЙржбрж┐ ржорзБржнрж┐рждрзЗ ржП рж░рзЛржЧрзЗ ржЖржХрзНрж░рж╛ржирзНржд ржПржХ ржмрзНржпржХрзНрждрж┐рж░ ржЪрж░рж┐рждрзНрж░ ржлрзБржЯрж┐рзЯрзЗ рждрзЛрж▓рж╛ рж╣рзЯрзЗржЫрзЗред ржЖржмрж╛рж░, ржХрж▓ржХрж╛рждрж╛рж░ ржирж╛рзЯржХ ржЖржмрзАрж░ ржЪрзНржпрж╛ржЯрж╛рж░рзНржЬрзАрж░ ржПржХржЯрж╛ рж╕рж┐ржирзЗржорж╛ ржжрзЗржЦрзЗржЫрж┐рж▓рж╛ржо, ржирж╛ржо ржоржирзЗ ржХрж░рждрзЗ ржкрж╛рж░ржЫрж┐ ржирж╛ред рж╕рзЗржЗ рж╕рж┐ржирзЗржорж╛рзЯ ржЖржмрзАрж░ржУ ржПржЗ ржмрзНржпрж╛ржзрзАрждрзЗ ржЖржХрзНрж░рж╛ржирзНржд ржПржХ ржмрзНржпржХрзНрждрж┐рж░ ржЪрж░рж┐рждрзНрж░рзЗ ржЕржнрж┐ржирзЯ ржХрж░рзЗржЫрж┐рж▓редржлрзНрж░рзЗржЧрзЛрж▓рж┐ ржбрзЗрж▓рзНржпрзБрж╢ржи (Fregoli delusion) тАШржлрзНрж░рзЗржЧрзЛрж▓рж┐ ржбрзЗрж▓рзНржпрзБрж╢ржитАЩ ржмрж╛ тАШржжрзНржп ржбрзЗрж▓рзНржпрзБрж╢ржи ржЕржм ржбрж╛ржмрж▓рж╕рзНтАЩ ржПржоржи ржПржХ ржмрзНржпрж╛ржзрж┐ ржпрзЗржЯрж╛рждрзЗ ржЖржХрзНрж░рж╛ржирзНржд рж╣рж▓рзЗ рж░рзЛржЧрзА рж╕ржмрж╕ржорзЯ ржХрж▓рзНржкржирж╛ ржХрж░рждрзЗ ржерж╛ржХрзЗ ржпрзЗ, рждрж╛рж░ ржЖрж╢рзЗржкрж╛рж╢рзЗ ржорзБржЦрзЛрж╢ржзрж╛рж░рзА рж╕ржм ржорж╛ржирзБрж╖рзЗрж░рж╛ ржШрзБрж░рзЗ ржмрзЗрзЬрж╛ржЪрзНржЫрзЗ, рждрж╛ржХрзЗ ржЕржирзБрж╕рж░ржг ржХрж░ржЫрзЗред ржирж┐ржЬрзЗрж░ ржХрзЛржи ржЙржжрзНржжрзЗрж╢рзНржп рж╣рж╛рж╕рж┐рж▓рзЗрж░ ржЬржирзНржп ржмрж┐ржнрж┐ржирзНржи ржмрзНржпржХрзНрждрж┐ ржмрж╛ ржПржХржЗ ржмрзНржпржХрзНрждрж┐ ржорзБржЦрзЛрж╢, ржорзЗржХрж╛ржк ржПржмржВ ржкрзЛрж╢рж╛ржХ ржмржжрж▓рзЗ ржирж┐ржЬрзЗрж░ ржЪрзЗрж╣рж╛рж░рж╛ ржкрж░рж┐ржмрж░рзНрждржирзЗрж░ ржорж╛ржзрзНржпржорзЗ рждрж╛ржХрзЗ ржЕржиржмрж░ржд ржЕржирзБрж╕рж░ржг ржХрж░ржЫрзЗред ржПржЗ рж╕рж┐ржиржбрзНрж░рзЛржоржЯрж┐рж░ ржХржерж╛ ржкрзНрж░ржержо ржЖрж▓рзЛржЪржирж╛рзЯ ржЖрж╕рзЗ рззрзпрзнрзи рж╕рж╛рж▓рзЗред рж╕рзЗрж╕ржорзЯ ржПржХ ржХрж┐рж╢рзЛрж░рзА ржорзЗрзЯрзЗрж░ ржжрзЗржЦрж╛ ржкрж╛ржУрзЯрж╛ ржпрж╛рзЯрзН ржпрзЗ ржХрж▓рзНржкржирж╛ ржХрж░ржд, рж╕рзЗ ржпрзЗ ржерж┐рзЯрзЗржЯрж╛рж░рзЗ ржирж╛ржЯржХ ржжрзЗржЦрждрзЗ ржпрж╛рзЯ рж╕рзЗржЦрж╛ржиржХрж╛рж░ ржжрзБтАЩржЬржи ржЕржнрж┐ржирзЗрждрж╛ рждрж╛рж░ ржкрж░рж┐ржЪрж┐ржд ржмрж┐ржнрж┐ржирзНржи ржмрзНржпржХрзНрждрж┐рж░ ржмрзЗрж╢ ржзрж░рзЗ рждрж╛ржХрзЗ ржкрзНрж░рждрж┐ржирж┐рзЯржд ржЕржирзБрж╕рж░ржг ржХрж░ржЫрзЗ ржХрзЛржи ржЙржжрзНржжрзЗрж╢рзНржп рж╣рж╛рж╕рж┐рж▓рзЗрж░ ржЕржнрж┐ржкрзНрж░рж╛рзЯрзЗред ржЕрзНржпрж╛ржирж┐ржорзЗрж╢ржи ржорзБржнрж┐ тАЬржЕрзНржпрж╛ржирзЛржорж╛рж▓рж┐рж╕рж╛тАЭрждрзЗ ржП рж░рзЛржЧрзЗрж░ ржЖржВрж╢рж┐ржХ ржХрж┐ржЫрзБржЯрж╛ ржЙржкрж╕рзНржерж╛ржкржирж╛ рж░рзЯрзЗржЫрзЗредржХрзНрж░рж┐ржкржЯржоржирзЗрж╢рж┐рзЯрж╛ (Cryptomnesia) ржХрзНрж░рж┐ржкржЯржоржирзЗрж╢рж┐рзЯрж╛рзЯ ржЖржХрзНрж░рж╛ржирзНржд ржмрзНржпржХрзНрждрж┐ ржоржирзЗ ржХрж░рждрзЗ ржкрж╛рж░рзЗ ржирж╛ ржПржХржЯрж╛ ржирж┐рж░рзНржжрж┐рж╖рзНржЯ ржШржЯржирж╛ ржарж┐ржХ ржХржЦржи ржмрж╛ ржХрзЛржерж╛рзЯ ржШржЯрзЗржЫрзЗред ржпрзЗржоржи ржзрж░рзБржи, рж╕рзЗ ржпржжрж┐ ржПржХржЯрж╛ ржмржЗ ржкрзЬрзЗ рждржмрзЗ ржкрж░рзЗ ржмржЗрзЯрзЗрж░ рж▓рж╛ржЗржиржЧрзБрж▓рзЛ ржмрж╛ ржШржЯржирж╛ ржоржирзЗ ржЖрж╕рж▓рзЗржУ ржШржЯржирж╛ржЯрж┐ рж╕рзЗ ржЖрж╕рж▓рзЗ ржХрзЛржерж╛рзЯ ржжрзЗржЦрзЗржЫрзЗ, рж╕рзЗржЯрж╛ ржХрж┐ рж╕рждрзНржпрж┐ ржирж╛ржХрж┐ ржХрж▓рзНржкржирж╛ рждрж╛ рж╕рзЗ ржоржирзЗ ржХрж░рждрзЗ ржкрж╛рж░рзЗржирж╛ред ржЕрж░рзНржерзНржпрж╛рзО ржХрзЛржи ржХрж┐ржЫрзБрж░ ржЙрзОрж╕ рж╕ржорзНржкрж░рзНржХрзЗ рж░рзЛржЧрзА ржирж┐рж╢рзНржЪрж┐ржд рж╣рждрзЗ ржкрж╛рж░рзЗ ржирж╛ред ржХрзЛржи ржЬрж┐ржирж┐рж╕ ржмрж╛ ржЪрж┐ржирзНрждрж╛ ржХрж┐ рждрж╛рж░, ржирж╛ржХрж┐ рж╕рзЗржЯрж╛ ржЕржирзНржп ржХрж╛рж░ржУ ржХрж╛ржЫ ржерзЗржХрзЗ ржкрж╛ржУрзЯрж╛ рж╕рзЗ рж╕ржорзНржкрж░рзНржХрзЗ рж╕рзЗ ржХрж┐ржЫрзБржЗ ржоржирзЗ ржХрж░рждрзЗ ржкрж╛рж░рзЗ ржирж╛ред ржПржЯрж╛ рж╕рзНржорзГрждрж┐рж╢ржХрзНрждрж┐рж░ ржПржХржзрж░ржгрзЗрж░ ржЕржХрзНрж╖ржорждрж╛ред ржП рж╕рж┐ржиржбрзНрж░рзЛржо рж░рзЛржЧрзАржХрзЗ ржПржоржи ржПржХ ржЕржмрж╕рзНржерж╛рзЯ ржлрзЗрж▓рзЗ ржжрзЗрзЯ, ржпрзЗ ржЕржмрж╕рзНржерж╛рзЯ ржЦрзБржм ржкрж░рж┐ржЪрж┐ржд ржХрзЛржи ржЬрж╛рзЯржЧрж╛ ржмрж╛ ржорж╛ржирзБрж╖ржХрзЗ ржжрзЗржЦрзЗ рж╕рж╣рж╕рж╛ржЗ рждрж╛рж░ ржХрж╛ржЫрзЗ ржЕржкрж░рж┐ржЪрж┐ржд ржЕржирзБржнрзВржд рж╣рждрзЗ ржерж╛ржХрзЗред тАЬржжрзНржп рж╕рж╛ржЗржирзНрж╕ ржЕржм рж╕рзНрж▓рж┐ржктАЭ рж╕рж┐ржирзЗржорж╛рзЯ ржП рж░рзЛржЧрзЗ ржЖржХрзНрж░рж╛ржирзНржд рж░рзЛржЧрзАрж░ ржЕржмрж╕рзНржерж╛ ржжрзЗржЦрж╛ржирзЛ рж╣рзЯрзЗржЫрзЗредржПрж▓рж┐рж╕ ржЗржи ржУрзЯрж╛ржирзНржбрж╛рж░рж▓рзНржпрж╛ржирзНржб рж╕рж┐ржиржбрзНрж░рзЛржо (Alice in Wonderland syndrome) ржП рж╕рж┐ржиржбрзНрж░рзЛржорзЗ ржЖржХрзНрж░рж╛ржирзНржд ржмрзНржпржХрзНрждрж┐рж░ ржирж┐ржЬрзЗржХрзЗ ржПржмржВ ржЪрж╛рж░ржкрж╛рж╢рзЗрж░ рж╕ржмржХрж┐ржЫрзБржХрзЗ ржжрзЗржЦрж╛рж░ ржЪрзЛржЦ ржмржжрж▓рзЗ ржпрж╛рзЯред ржЕрж░рзНржерж╛рзО ржХрзЛржи ржЬрж┐ржирж┐рж╕ ржмрж╛ ржХрзЛржи ржЬрж╛рзЯржЧрж╛рж░ рж╕ржарж┐ржХ ржЕржмрж╕рзНржерж╛ ржмрж╛ ржЖржХрзГрждрж┐ рж╕ржорзНржкрж░рзНржХрзЗ рждрж╛рж░ ржХрзЛржи ржзрж╛рж░ржгрж╛ ржерж╛ржХрзЗ ржирж╛ред рж╕ржмржХрж┐ржЫрзБржХрзЗ рж╣рзЯ ржЕржирзЗржХ ржмрзЬ ржирж╛ рж╣рзЯ ржЕржирзЗржХ ржЫрзЛржЯ ржмрж▓рзЗ ржХрж▓рзНржкржирж╛ ржХрж░рждрзЗ ржерж╛ржХрзЗред ржЖржмрж╛рж░ ржХрзЛржи ржХрж┐ржЫрзБрж░ ржЕржмрж╕рзНржерж╛ржи рж╕ржорзНржкрж░рзНржХрзЗржУ рж╕рзЗ ржжрзНржмрж┐ржзрж╛ржирзНржмрж┐ржд рж╣рзЯрзЗ ржкрж░рзЗред ржЦрзБржм ржХрж╛ржЫрзЗрж░ ржЬрж┐ржирж┐рж╕ржХрзЗржУ ржЦрзБржм ржжрзВрж░рзЗрж░ ржмрж▓рзЗ ржоржирзЗ рж╣рзЯред ржЖржмрж╛рж░ ржЕржирзЗржХ ржжрзВрж░рзЗрж░ ржЬрж┐ржирж┐рж╕ржХрзЗржУ ржоржирзЗ рж╣рзЯ ржЦрзБржм ржХрж╛ржЫрзЗрж░ред ржП рж░рзЛржЧ рж╕ржмржЪрзЗрзЯрзЗ ржнрзЯрж╛ржмрж╣ ржЖржХрж╛рж░ ржзрж╛рж░ржг ржХрж░рзЗ, ржпржЦржи рж░рзЛржЧрзА ржирж┐ржЬрзЗрж░ рж╢рж░рзАрж░рзЗрж░ ржЖржХрзГрждрж┐ржУ рж╕ржарж┐ржХржнрж╛ржмрзЗ ржирж┐рж░рзНржгрзЯ ржХрж░рждрзЗ ржмрзНржпрж░рзНрже рж╣рзЯред ржПржЯрж╛ рж░рзЛржЧрзАрж░ ржЪрзЛржЦ ржмрж╛ ржЕржирзНржп ржХрзЛржи ржЗржирзНржжрзНрж░рж┐рзЯржШржЯрж┐ржд рж╕ржорж╕рзНржпрж╛ ржирж╛, ржХрзЗржмрж▓ ржПржХржзрж░ржгрзЗрж░ ржорж╛ржирж╕рж┐ржХ рж╕ржорж╕рзНржпрж╛редржЕржмрж╕рзЗрж╕рж┐ржнтАУржХржорзНржкрж╛рж▓рж╕рж┐ржн ржбрж┐рж╕ржЕрж░рзНржбрж╛рж░ (Obsessive-compulsive disorder) ржЕржмрж╕рзЗрж╕рж┐ржн ржХржорзНржкрж╛рж▓рж╕рж┐ржн ржбрж┐рж╕ржЕрж░рзНржбрж╛рж░ ржПржоржи ржПржХ ржорж╛ржирж╕рж┐ржХ рж╕ржорж╕рзНржпрж╛ ржпрж╛рж░ ржлрж▓рзЗ рж╕ржм ржмрзНржпрж╛ржкрж╛рж░рзЗржЗ рж░рзЛржЧрзА ржмрзЗрж╢рж┐ ржмрзЗрж╢рж┐ ржЙржжрзНржмрж┐ржЧрзНржи рж╣рзЯрзЗ ржкрж░рзЗред ржжрзБрж╢рзНржЪрж┐ржирзНрждрж╛ ржЖрж░ ржЙржжрзНржмрзЗржЧрзЗрж░ ржорж╛рждрзНрж░рж╛ ржПржд ржмрзЗрж╢рж┐ ржпрзЗ рж╕рзЗржЯрж╛рж░ ржУржкрж░ рж░рзЛржЧрзАрж░ ржХрзЛржи ржирж┐рзЯржирзНрждрзНрж░ржг ржерж╛ржХрзЗ ржирж╛ ржПржмржВ рж╕рзЗ ржП рж╕ржорж╕рзНржпрж╛ ржерзЗржХрзЗ ржорзБржХрзНржд рж╣рждрзЗржУ ржкрж╛рж░рзЗ ржирж╛ред ржлрж▓рзЗ, рж╕рзЗ ржПржХржЗ ржЪрж┐ржирзНрждрж╛ ржмрж╛ ржХрж╛ржЬ ржмрж╛рж░ ржмрж╛рж░ ржХрж░рждрзЗ ржерж╛ржХрзЗ ржорж╛ржирж╕рж┐ржХ рж╢рж╛ржирзНрждрж┐рж░ ржЬржирзНржпред ржП ржмрзНржпрж╛ржзрж┐рждрзЗ ржЖржХрзНрж░рж╛ржирзНржд ржмрзНржпржХрзНрждрж┐ ржмрзБржЭрждрзЗ ржкрж╛рж░рзЗ ржпрзЗ ржжрзБрж╢рзНржЪрж┐ржирзНрждрж╛рж░ ржХрзЛржи ржХрж╛рж░ржг ржирзЗржЗ ржПржмржВ ржПржХржЗ ржХрж╛ржЬ ржмрж╛рж░ ржмрж╛рж░ ржХрж░рж╛рж░ ржХрзЛржи ржжрж░ржХрж╛рж░ ржирзЗржЗред ржХрж┐ржирзНрждрзБ рж╕рзЗ ржХрж┐ржЫрзБрждрзЗржЗ ржжрзБрж╢рзНржЪрж┐ржирзНрждрж╛ ржерзЗржХрзЗ ржорзБржХрзНржд рж╣рждрзЗ ржкрж╛рж░рзЗ ржирж╛, ржПржмржВ ржПржЯрж╛ ржПржХрж╕ржорзЯ ржПржд ржЕрж╕рж╣ржирзАрзЯ рж╣рзЯрзЗ ржУржарзЗ ржпрзЗ рж╕рзЗржЗ ржПржХржЗ ржХрж╛ржЬ рж╕рзЗ ржЖржмрж╛рж░ржУ ржХрж░рждрзЗ ржерж╛ржХрзЗред тАЬржжрзНржп ржЕрзНржпрж╛ржнрж┐рзЯрзЗржЯрж░тАЭ рж╕рж┐ржирзЗржорж╛рзЯ рж▓рж┐ржУржирж╛рж░рзНржжрзЛ ржжрзНржп ржХрзНржпрж╛ржкрзНрж░рж┐ржУрж░ ржЪрж░рж┐рждрзНрж░ржЯрж┐ ржП рж░рзЛржЧрзЗрж░ ржЙрзОржХрзГрж╖рзНржЯ ржЙржкрж╕рзНржерж╛ржкржиредржкрзНржпрж╛рж░рж╛ржлрзНрж░рзЗржирж┐рзЯрж╛ (Paraphrenia) ржкрзНржпрж╛рж░рж╛ржлрзНрж░рзЗржирж┐рзЯрж╛рзЯ ржЖржХрзНрж░рж╛ржирзНржд рж░рзЛржЧрзА ржпрзЗ ржзрж░ржгрзЗрж░ ржмрж┐ржнрзНрж░ржорзЗрж░ рж╢рж┐ржХрж╛рж░ рж╣рзЯ рждрж╛рждрзЗ рж╕рзЗ ржирж┐ржЬрзЗржХрзЗ ржЦрзБржм ржорж╣рж╛ржи ржмрзНржпржХрзНрждрж┐ рж╣рж┐рж╕рзЗржмрзЗ ржХрж▓рзНржкржирж╛ ржХрж░рждрзЗ ржерж╛ржХрзЗред ржЫржжрзНржо рж╣рж╛рж▓рзНржпрзБрж╕рж┐ржирзЗрж╢ржи ржПржмржВ ржорж┐ржерзНржпрж╛ рж╕рзНржорзГрждрж┐рж╢ржХрзНрждрж┐рж░ ржжрзНржмрж╛рж░рж╛ рж░рзЛржЧрзА ржмрж┐ржнрзНрж░рж╛ржирзНржд рж╣рждрзЗ ржерж╛ржХрзЗред рж╕рзЗ ржирж┐ржЬрзЗржХрзЗ ржмрж┐рж╢рзНржмржмрзНрж░рж╣рзНржорж╛ржирзНржбрзЗрж░ ржЕржзрж┐ржкрждрж┐ ржХрж▓рзНржкржирж╛ ржХрж░рждрзЗ ржерж╛ржХрзЗ ржПржмржВ ржирж┐ржЬрзЗржХрзЗ ржЕржорж░ ржмрж▓рзЗ ржоржирзЗ ржХрж░рзЗред рждрж╛рж░ржБ ржРрж╢рзНржмрж░рж┐ржХ ржХрзНрж╖ржорждрж╛ рж░рзЯрзЗржЫрзЗ, рж╕рзЗ ржЕржирзЗржХ ржмрж┐ржЦрзНржпрж╛ржд ржмржЗрзЯрзЗрж░ рж▓рзЗржЦржХ ржПрж╕ржм ржХрж▓рзНржкржирж╛ржУ рждрж╛рж░ ржоржзрзНржпрзЗ ржмрж┐рж╕рзНрждрж╛рж░ рж▓рж╛ржн ржХрж░рзЗред рждрж╛рж░ ржмрж░рзНрждржорж╛ржирзЗрж░ рж╕рж╛ржзрж╛рж░ржг ржкрж░рж┐ржЪрзЯрзЗрж░ ржЖрзЬрж╛рж▓рзЗ рждрж╛рж░ ржЦрзБржм ржЕрж╕рж╛ржзрж╛рж░ржг ржПржХржЯрж╛ ржкрж░рж┐ржЪрзЯ ржЖржЫрзЗ ржмрж▓рзЗ рж╕рзЗ ржмрж┐рж╢рзНржмрж╛рж╕ ржХрж░рждрзЗ ржерж╛ржХрзЗред ржПржЗ ржорж╛ржирж╕рж┐ржХ ржмрзНржпрж╛ржзрж┐рждрзЗ ржЖржХрзНрж░рж╛ржирзНржд ржмрзНржпржХрзНрждрж┐рж░рж╛ ржЦрзБржм рж░рж╛ржЧрзА ржЖрж░ ржПржХрж░рзЛржЦрж╛ рж╣рзЯред рждрж╛рж░рж╛ ржЦрж╛ржирж┐ржХржЯрж╛ рж░рж╣рж╕рзНржпржорзЯржУ рж╣рзЯрзЗ ржерж╛ржХрзЗредржорж╛рж▓рзНржЯрж┐ржкрж▓ ржкрж╛рж░рж╕рзЛржирж╛рж▓рж┐ржЯрж┐ ржбрж┐рж╕ржЕрж░рзНржбрж╛рж░ (Multiple personality disorder) ржбрж┐рж╕рзЛрж╕рж┐рзЯрзЗржЯрж┐ржн ржЖржЗржбрзЗржирзНржЯрж┐ржЯрж┐ ржбрж┐рж╕ржЕрж░рзНржбрж╛рж░ ржмрж╛ ржорж╛рж▓рзНржЯрж┐ржкрж▓ ржкрж╛рж░рж╕рзЛржирж╛рж▓рж┐ржЯрж┐ ржбрж┐рж╕ржЕрж░рзНржбрж╛рж░ ржПржХржЯрж┐ ржмрж┐рж░рж▓ ржорж╛ржирж╕рж┐ржХ рж░рзЛржЧред ржП рж░рзЛржЧрзЗ ржЖржХрзНрж░рж╛ржирзНржд ржмрзНржпржХрзНрждрж┐рж░ ржЖржЪрж░ржг ржмрж┐ржнрж┐ржирзНржиржнрж╛ржЧрзЗ ржнрж╛ржЧ рж╣рзЯрзЗ ржпрж╛рзЯред ржорж╛ржирзЗ ржПржХржЗ ржмрзНржпржХрзНрждрж┐рж░ ржЖржЪрж░ржгрзЗ ржмрж┐ржнрж┐ржирзНржи ржзрж░ржгрзЗрж░ ржмрзНржпржХрзНрждрж┐рждрзНржмрзЗрж░ ржкрзНрж░ржХрж╛рж╢ ржШржЯрзЗред тАЬржПржХржЗ рж╢рж░рзАрж░рзЗ ржмрж┐ржнрж┐ржирзНржи ржорж╛ржирзБрж╖рзЗрж░ ржмрж╛рж╕тАЭ- ржПржнрж╛ржмрзЗржУ ржмрзНржпрж╛ржкрж╛рж░ржЯрж╛ржХрзЗ ржмрзНржпрж╛ржЦрзНржпрж╛ ржХрж░рж╛ ржпрж╛рзЯред ржПржХржмрзНржпржХрзНрждрж┐рж░ рж╢рж░рзАрж░рзЗржЗ рж╕рзЗржЗ ржЖрж▓рж╛ржжрж╛ ржорж╛ржирзБрж╖ржЧрзБрж▓рзЛ ржмрзЯрж╕, рж▓рж┐ржЩрзНржЧ, ржЬрж╛рждрзАрзЯрждрж╛, ржорж╛ржирж╕рж┐ржХ ржЕржмрж╕рзНржерж╛, ржорзЗржЬрж╛ржЬ-ржорж░рзНржЬрж┐, ржжрзБржирж┐рзЯрж╛ржХрзЗ ржжрзЗржЦрж╛рж░ ржжрзГрж╖рзНржЯрж┐ ржкрзНрж░ржнрзГрждрж┐ ржХрзНрж╖рзЗрждрзНрж░рзЗ рж╕рж░рзНржорзНржкрзВрж░рзНржг ржЖрж▓рж╛ржжрж╛ рж╣рзЯрзЗ ржерж╛ржХрзЗред рж╢рж┐рж╢рзБржХрж╛рж▓рзЗ ржнрзЯрж╛ржиржХ рж╢рж╛рж░рзАрж░рж┐ржХ ржУ ржорж╛ржирж╕рж┐ржХ ржЪрж╛ржкрзЗрж░ ржоржзрзНржп ржжрж┐рзЯрзЗ ржпрж╛ржУрзЯрж╛рж░ ржХрж╛рж░ржгрзЗ ржирж┐ржЬрзЗржХрзЗ рж░ржХрзНрж╖рж╛рж░ рждрж╛ржЧрж┐ржжрзЗ рж╢рж┐рж╢рзБржжрзЗрж░ ржоржзрзНржпрзЗ ржП рж░рзЛржЧ ржмрзЗрзЬрзЗ ржЙржарждрзЗ ржкрж╛рж░рзЗред ржП рж░рзЛржЧрзЗрж░ рж╕ржмржЪрзЗрзЯрзЗ ржЖрж▓рзЛржЪрж┐ржд ржШржЯржирж╛ржЯрж┐ ржЬрж╛ржирж╛ ржпрж╛рзЯ рззрзпрзнрзжрж╕рж╛рж▓рзЗред рж╕рзЗрж╕ржорзЯ ржпрзБржХрзНрждрж░рж╛рж╖рзНржЯрзНрж░рзЗ ржмрж┐рж▓рж┐ ржорж┐рж▓рж┐ржЧрж╛ржи ржирж╛ржоржХ ржПржХржЬржи ржмрзНржпржХрзНрждрж┐ржХрзЗ ржзрж░рзНрж╖ржгрзЗрж░ ржжрж╛рзЯрзЗ ржЖржЯржХ ржХрж░рж╛ рж╣рж▓рзЗ ржжрзЗржЦрж╛ ржпрж╛рзЯ рждрж╛рж░ ржоржзрзНржпрзЗ ржЖрж▓рж╛ржжрж╛ ржЖрж▓рж╛ржжрж╛ рзирзкржЬржи ржмрзНржпржХрзНрждрж┐рждрзНржмрзЗрж░ ржмрж╛рж╕ред тАЬрж╕рзНржкрж┐рж▓рзНржЯтАЭ ржирж╛ржоржХ ржПржХржЯрж╛ рж╣рж▓рж┐ржЙржбрж┐ рж╕рж┐ржирзЗржорж╛рж░ ржкрзНрж░ржзрж╛ржи ржЪрж░рж┐рждрзНрж░ ржП ржорж╛ржирж╕рж┐ржХ рж░рзЛржЧрзЗ ржЖржХрзНрж░рж╛ржирзНрждред ржПржЫрж╛рзЬрж╛ржУ ржП рж░рзЛржЧрзЗрж░ рж╕рзНржмрж░рзБржк ржнрж╛рж▓рзЛржнрж╛ржмрзЗ ржмрзБржЭрждрзЗ рж╣рж▓рзЗ ржХрзЛрж░рж┐рзЯрж╛ржи ржПржХржЯрж┐ ржзрж╛рж░рж╛ржмрж╛рж╣рж┐ржХ ржЖржЫрзЗ, тАШржХрж┐рж▓ ржорж┐ рж╣рж┐рж▓ ржорж┐тАЩ, ржжрзЗржЦрждрзЗ ржкрж╛рж░рзЗржиредрж╕рзВрждрзНрж░ржГржнрзЛрж░рзЗрж░ ржХрж╛ржЧржЬ"
ржЖржкржирж┐ ржХрж┐ ржЕржжрзНржнрзБржд ржХрж┐ржЫрзБ ржорж╛ржирж╕рж┐ржХ рж░рзЛржЧ рж╕ржорзНржкрж░рзНржХрзЗ ржЬрж╛ржирзЗржи?,"ржпрзЗ ржорж╛ржирж╕рж┐ржХ рж░рзЛржЧрзЗрж░ рж▓ржХрзНрж╖ржгржЧрзБрж▓рзЛ ржнрзМрждрж┐ржХ ржмрж▓рзЗ ржоржирзЗ рж╣ржпрж╝ ржПрж▓рж╛ржХрж╛рзЯ рж╣ржарж╛рзО ржПржХржжрж┐ржи рж╕рж╛рзЬрж╛ ржкрж░рзЗ ржЧрзЗрж▓ ржпрзЗ рж╕рж╛рж▓рзЗрж╣рж┐ржХрзЗ ржЦрзБржБржЬрзЗ ржкрж╛ржУрзЯрж╛ ржпрж╛ржЪрзНржЫрзЗржирж╛ред ржХрзЗржЙ ржмрж▓рж▓ рж╕рзЗ рж╣рзЯрждрзЛ ржХрзЛржерж╛ржУ ржмрзЗрзЬрж╛рждрзЗ ржЧрзЗржЫрзЗ, ржХрзЗржЙ ржмрж▓рж▓ рж╕рзЗ ржЧрзБржо рж╣рзЯрзЗржЫрзЗ, ржХрзЗржЙ ржмрж▓рж▓ ржЬрж┐ржирзЗрж░рж╛ рждрж╛ржХрзЗ рждрж╛ржжрзЗрж░ ржжрзЗрж╢рзЗ ржирж┐рзЯрзЗ ржЧрзЗржЫрзЗ, ржХрзЗржЙ ржмрж▓рж▓ рж╕рзЗ рж╣рзЯрждрзЛ рж░рж╛ржЧ ржХрж░рзЗ ржмрж╛рзЬрж┐ ржерзЗржХрзЗ ржЪрж▓рзЗ ржЧрзЗржЫрзЗред рждрж╛рж░ ржкрж░рж┐ржмрж╛рж░рзЗрж░ рж╕ржжрж╕рзНржпрж░рж╛ ржЕржирзЗржХ ржЦрзЛржБржЬрж╛ ржЦрзБржЬрж┐рж░ ржкрж░ ржПрж▓рж╛ржХрж╛рзЯ ржорж╛ржЗржХрж┐ржВ ржХрж░рж╛рж░ ржмрзНржпржмрж╕рзНржерж╛ ржХрж░рж▓рзЗржи ред рждрж╛рждрзЗ ржХрзЛржи рж▓рж╛ржн рж╣рж▓ ржирж╛ ред ржкрж░рзЗ ржПржЗ ржирж┐ржЦрзЛржБржЬ ржмрж┐ржЬрзНржЮржкрзНрждрж┐ ржкрждрзНрж░рж┐ржХрж╛ ржкрж░рзНржпржирзНржд ржЧрзЬрж╛рж▓, рждрж╛рждрзЗржУ ржХрзЛржи рж╕рж╛рзЬрж╛ ржкрж╛ржУрзЯрж╛ ржЧрзЗрж▓ржирж╛ред ржПржХржжрж┐ржи рж╕рж╛рж▓рзЗрж╣рж┐рж░ ржПржХ ржЖрждрзНржорзАрзЯ рждрж╛рж░ ржорж╛ржХрзЗ ржПржХржЬржи ржХржмрж┐рж░рж╛ржЬрзЗрж░ ржХрж╛ржЫрзЗ ржпрзЗрждрзЗ ржмрж▓рж▓, ржпрж╛рждрзЗ ржХржмрж┐рж░рж╛ржЬ рж╕рж╛рж▓рзЗрж╣рж┐рж░ ржмрж░рзНрждржорж╛ржи ржЕржмрж╕рзНржерж╛ржи рж╕ржорзНржкрж░рзНржХрзЗ рждрж╛ржХрзЗ ржЬрж╛ржирждрзЗ ржкрж╛рж░рзЗржиред рждрж┐ржирж┐ рждрж╛ржЗ ржХрж░рж▓рзЗржиред ржХржмрж┐рж░рж╛ржЬ ржкрзНрж░рж╛рзЯ рзйрзж ржорж┐ржирж┐ржЯ ржкрж░ рж╕рж╛рж▓рзЗрж╣рж┐рж░ ржмрж░рзНрждржорж╛ржи ржЕржмрж╕рзНржерж╛ржи рж╕ржорзНржкрж░рзНржХрзЗ рждрж╛рж░ ржорж╛ржХрзЗ ржЬрж╛ржирж╛рж▓рзЗржиред ржкрж░рзЗ рж╕рзЗржЗ рж╕рзНржерж╛ржирзЗ рж╕рж╛рж▓рзЗрж╣рж┐ржХрзЗ ржирж╛ ржкрж╛ржУрзЯрж╛ ржЧрзЗрж▓рзЗ рж╕рж╛рж▓рзЗрж╣рж┐рж░ ржорж╛ ржЖржмрж╛рж░ржУ ржХржмрж┐рж░рж╛ржЬрзЗрж░ ржХрж╛ржЫрзЗ ржЧрзЗрж▓рзЗржиред рж╕рзЗ ржмрж▓рж▓ ржпрзЗ, ржЖржкржирж╛рж░рж╛ ржУржЗ рж╕рзНржерж╛ржирзЗ ржкрзМржБржЫрж╛ржирзЛрж░ ржХрж┐ржЫрзБ ржЖржЧрзЗ ржЬрж┐ржирзЗрж░рж╛ рждрж╛ржХрзЗ ржЕржирзНржп рж╕рзНржерж╛ржирзЗ ржирж┐рзЯрзЗ ржЧрзЗржЫрзЗред ржПржнрж╛ржмрзЗ ржХржмрж┐рж░рж╛ржЬрзЗрж░ ржжрзЗржУрзЯрж╛ рждржерзНржпржорждрзЗ ржХрзЯрзЗржХржмрж╛рж░ рж╕рж╛рж▓рзЗрж╣рж┐рж░ ржЕржирзБрж╕ржирзНржзрж╛ржирзЗрж░ ржкрж░ рждрж╛рж░ ржкрж░рж┐ржмрж╛рж░рзЗрж░ рж╕ржжрж╕рзНржпржжрзЗрж░ ржнрзБрж▓ ржнрж╛ржЩрж▓рзЛред ржПрж░ ржкрзНрж░рж╛рзЯ рзиржорж╛рж╕ ржкрж░ ржПржХржжрж┐ржи рж╕ржирзНржзрзНржпрж╛рзЯ рж╕рж╛рж▓рзЗрж╣рж┐ ржмрж╛рзЬрж┐ ржлрж┐рж░рзЗ ржЖрж╕рж▓рзЗржиред ржкрж░рж┐ржмрж╛рж░рзЗрж░ рж╕ржжрж╕рзНржпрж░рж╛ ржЦрзБржм ржЖржиржирзНржжрж┐ржд рж╣рж▓рзЗржи ржПржмржВ рждрж╛ржХрзЗ ржЬрж┐ржЬрзНржЮрж╛рж╕рж╛ ржХрж░рждрзЗ ржерж╛ржХрж▓рзЗржи ржпрзЗ, рж╕рзЗ ржПрждржжрж┐ржи ржХрзЛржерж╛рзЯ ржЫрж┐рж▓? рждрж╛ржХрзЗ ржЧрзБржо ржХрж░рж╛ рж╣рзЯрзЗржЫрж┐рж▓ ржХрж┐ржирж╛? ржХрзЗржи рж╕рзЗ ржПрждржжрж┐ржи ржмрж╛рзЬрж┐рж░ ржмрж╛рж╣рж┐рж░рзЗ ржерж╛ржХрж▓? ржЗрждрзНржпрж╛ржжрж┐ ржкрзНрж░рж╢рзНржиред ржПрждржжрж┐ржи рж╕рж╛рж▓рзЗрж╣рж┐ ржХрзЛржерж╛рзЯ ржЫрж┐рж▓, ржХрж┐ ржЦрзЗрзЯрзЗржЫрж┐рж▓рзЛ, ржХрзЛржерж╛рзЯ ржЧрж┐рзЯрзЗржЫрж┐рж▓рзЛ ржПрж╕ржм рждржерзНржпрзЗрж░ ржХрзЛржи ржХрж┐ржЫрзБ рж╕рзЗ ржоржирзЗ ржХрж░рждрзЗ ржкрж╛рж░рж▓ ржирж╛ред ржпрж╛рж░рж╛ ржмрж▓рзЗржЫрж┐рж▓ рж╕рж╛рж▓рзЗрж╣рж┐ржХрзЗ ржЬрж┐ржирзЗрж░рж╛ ржирж┐рзЯрзЗ ржЧрзЗржЫрзЗ рждрж╛ржжрзЗрж░ ржзрж╛рж░ржгрж╛ ржЖрж░рзЛржУ ржкрзЛржХрзНржд рж╣рж▓, ржХржмрж┐рж░рж╛ржЬрзЗрж░ ржХржерж╛рж░ рж╕рж╛ржерзЗржУ ржорж┐рж▓ ржкрж╛ржУрзЯрж╛ ржЧрзЗрж▓ред ржлрж▓рзЗ рж╕ржмрж╛ржЗ ржорзЛржЯрж╛ржорзЛржЯрж┐ ржмрж┐рж╢рзНржмрж╛рж╕ ржХрж░рзЗ ржирж┐рж▓ ржпрзЗ ржЬрж┐ржирзЗрж░рж╛ рж╕рж╛рж▓рзЗрж╣рж┐ржХрзЗ рждрж╛ржжрзЗрж░ ржжрзЗрж╢рзЗ ржирж┐рзЯрзЗ ржЧрж┐рзЯрзЗржЫрж┐рж▓ ржПржмржВ ржЕржирзБржорж╛ржи ржХрж░рж╛ рж╣рж▓ ржпрзЗ, рж╕рж╛рж▓рзЗрж╣рж┐ ржпрж╛рждрзЗ ржЬрж┐ржирзЗрж░ ржжрзЗрж╢рзЗрж░ ржЕржмрж╕рзНржерж╛ржи ржХрзЛржи ржорж╛ржирзБрж╖ ржХрзЗ ржирж╛ ржмрж▓рждрзЗ ржкрж╛рж░рзЗ рждрж╛ржЗ рждрж╛рж░рж╛ рждрж╛рж░ ржорж╕рзНрждрж┐рж╖рзНржХ ржерзЗржХрзЗ рж╕рзЗржЗ рж╕рзНржорзГрждрж┐ ржорзБржЫрзЗ ржжрж┐рзЯрзЗржЫрзЗред ржПрждржжрж┐ржирзЗ рж╕рж╛рж▓рзЗрж╣рж┐рж░ рж╢рж╛рж░рзАрж░рж┐ржХ рж╕рзНржмрж╛рж╕рзНржерзНржпрзЗрж░ ржХрж┐ржЫрзБржЯрж╛ ржЕржмржирждрж┐ ржжрзЗржЦрзЗ ржкрж░рж┐ржмрж╛рж░рзЗрж░ рж╕ржжрж╕рзНржпрж░рж╛ рждрж╛ржХрзЗ ржПржХржЯрж╛ рж╣рж╛рж╕ржкрж╛рждрж╛рж▓рзЗ ржирж┐рзЯрзЗ ржЧрзЗрж▓ред рж╕рзЗржЦрж╛ржиржХрж╛рж░ ржХрж░рзНрждржмрзНржпрж░ржд ржбрж╛ржХрзНрждрж╛рж░ ржкрзНрж░рж╛ржержорж┐ржХ ржЪрж┐ржХрж┐рзОрж╕рж╛ ржжрзЗржУрзЯрж╛рж░ ржкрж░ рж╕рж╛рж▓рзЗрж╣рж┐ржХрзЗ ржПржХржЬржи ржорж╛ржирж╕рж┐ржХ рж░рзЛржЧ ржмрж┐рж╢рзЗрж╖ржЬрзНржЮрзЗрж░ ржХрж╛ржЫрзЗ ржирж┐рзЯрзЗ ржпрзЗрждрзЗ ржмрж▓рж▓рзЗржиред ржкрзНрж░ржержорзЗ ржХрзЗржЙ рж╕рж╛рж▓рзЗрж╣рж┐ржХрзЗ ржорж╛ржирж╕рж┐ржХ рж░рзЛржЧ ржмрж┐рж╢рзЗрж╖ржЬрзНржЮрзЗрж░ ржХрж╛ржЫрзЗ ржирж┐рждрзЗ ржирж╛ ржЪрж╛ржЗрж▓рзЗржУ рж╕рж╛рж▓рзЗрж╣рж┐рж░ ржмрзЬ ржнрж╛ржЗржпрж╝рзЗрж░ ржЕржирзБрж░рзЛржзрзЗ рждрж╛ржХрзЗ ржорж╛ржирж╕рж┐ржХ рж░рзЛржЧ ржмрж┐рж╢рзЗрж╖ржЬрзНржЮрзЗрж░ ржХрж╛ржЫрзЗ ржирж┐рзЯрзЗ ржпрж╛ржУрзЯрж╛ рж╣рж▓ред ржбрж╛ржХрзНрждрж╛рж░ рж╕рж╛рж▓рзЗрж╣рж┐рж░ ржПржмржВ рждрж╛рж░ ржкрж░рж┐ржмрж╛рж░рзЗрж░ рж╕ржжрж╕рзНржпржжрзЗрж░ рж╕рж╛ржерзЗ ржкрзНрж░рж╛рзЯ ржПржХ ржШржирзНржЯрж╛ ржХржерж╛ ржмрж▓рж╛рж░ ржкрж░ рждрж╛ржжрзЗрж░ржХрзЗ ржЬрж╛ржирж╛рж▓рзЗржи ржпрзЗ, рж╕рж╛рж▓рзЗрж╣рж┐ ржмрж┐ржЪрзНржЫрж┐ржирзНржирждрж╛ржорзВрж▓ржХ рж╕рзНржорзГрждрж┐ржнрзНрз░ржВрж╢ ржмрж╛ ржбрж┐рж╕рзЛрж╕рж┐рзЯрзЗржЯрж┐ржнрзЗ ржПржоржирзЗрж╢рж┐рзЯрж╛ (According to DSM-5: Dissociative Amnesia; with dissociative fugue) ржирж╛ржоржХ ржПржХржЯрж┐ ржорж╛ржирж╕рж┐ржХ рж░рзЛржЧрзЗ ржнрзБржЧржЫрзЗржиред ржП рж░рзЛржЧрзЗ ржЖржХрзНрж░рж╛ржирзНржд ржмрзНржпржХрзНрждрж┐ ржПржХржЯрж┐ ржкрзАржбрж╝ржиржорзВрж▓ржХ ржкрж░рж┐рж╕рзНржерж┐рждрж┐рж░ ржкрж░ ржерзЗржХрзЗ рж╣ржарж╛рзО ржХрж░рзЗржЗ рждрж╛рж░ ржмрзНржпржХрзНрждрж┐ржЧржд ржЬрзАржмржирзЗрж░ ржЧрзБрж░рзБрждрзНржмржкрзВрж░рзНржг ржШржЯржирж╛ржмрж▓рзА ржмрж╛ ржЧрзБрж░рзБрждрзНржмржкрзВрж░рзНржг ржмрзНржпржХрзНрждрж┐ржЧржд рждржерзНржп рж╕рзНржорж░ржг ржХрж░рждрзЗ ржкрж╛рж░рзЗ ржирж╛ред рждрж┐ржирж┐ ржЖрж░рзЛ ржмрж▓рж▓рзЗржи ржпрзЗ, ржмрж┐ржЪрзНржЫрж┐ржирзНржирждрж╛ржорзВрж▓ржХ рж╕рзНржорзГрждрж┐ржнрзНрж░ржВрж╢ рж░рзЛржЧржЯрж┐ ржкрзНрж░рж╛ржпрж╝ рж╕ржм ржХрзНрж╖рзЗрждрзНрж░рзЗржЗ ржХрзЛржи ржПржХржЯрж┐ ржкрзАржбрж╝ржиржорзВрж▓ржХ ржЕржнрж┐ржЬрзНржЮрждрж╛рж░ ржкрж░ рж╕рзГрж╖рзНржЯрж┐ рж╣ржпрж╝ ржпрзЗржоржи; ржжрж╛ржорзНржкрждрзНржп ржХрж▓рж╣, ржмрзНржпржХрзНрждрж┐ржЧрждржнрж╛ржмрзЗ ржкрзНрж░рждрзНржпрж╛ржЦрзНржпрж╛ржд рж╣ржУржпрж╝рж╛, ржпрзБржжрзНржзрзЗ ржЕржВрж╢ржЧрзНрж░рж╣ржг ржХрж░рж╛, ржЕржержмрж╛ ржкрзНрж░рж╛ржХрзГрждрж┐ржХ ржжрзБрж░рзНржпрзЛржЧ ржЗрждрзНржпрж╛ржжрж┐ред рж╕рж╛рж▓рзЗрж╣рж┐рж░ ржХрзНрж╖рзЗрждрзНрж░рзЗ ржкрзНрж░рж╛ржХрзГрждрж┐ржХ ржжрзБрж░рзНржпрзЛржЧрзЗ ржмрж╛ржмрж╛рж░ ржорзГрждрзНржпрзБ ржкрзАржбрж╝ржиржорзВрж▓ржХ ржЕржнрж┐ржЬрзНржЮрждрж╛ рж╣рж┐рж╕рж╛ржмрзЗ ржХрж╛ржЬ ржХрж░рзЗржЫрзЗред ржмрж┐ржЪрзНржЫрж┐ржирзНржирждрж╛ржорзВрж▓ржХ рж╕рзНржорзГрждрж┐ржнрзНрж░ржВрж╢ рж░рзЛржЧрзЗ ржмрзНржпржХрзНрждрж┐рж░ ржмрзНржпржХрзНрждрж┐ржЧржд ржЬрзАржмржирзЗрж░ рждржерзНржпржЧрзБрж▓рзЛ ржЪрж┐рж░рждрж░рзЗ рж╣рж╛рж░рж┐ржпрж╝рзЗ ржпрж╛ржпрж╝ ржирж╛, рж╢рзБржзрзБ ржмрж┐рж╕рзНржорзГрждрж┐рж░ ржкрж░рзНржпрж╛ржпрж╝ ржпржЦржи ржЪрж▓рждрзЗ ржерж╛ржХрзЗ рждржЦржи ржмрзНржпржХрзНрждрж┐ рж╕рзЗ рждржерзНржпржЧрзБрж▓рзЛ ржжрзАрж░рзНржШрж╕рзНржерж╛ржпрж╝рзА рж╕рзНржорзГрждрж┐ ржнрж╛ржирзНржбрж╛рж░ ржерзЗржХрзЗ ржкрзБржирж░рзБржжрзНржзрж╛рж░ ржХрж░рждрзЗ ржкрж╛рж░рзЗржирж╛ред ржмрж┐рж╕рзНржорзГрждрж┐рж░ ржлрж▓рзЗ ржмрзНржпржХрзНрждрж┐рж░ ржЖржЪрж░ржгрзЗ ржмрж┐ржнрзНрж░рж╛ржирзНрждрж┐ ржжрзЗржЦрж╛ ржжрж┐рждрзЗ ржкрж╛рж░рзЗред ржпрзЗржоржи: рж╕рзЗ рж╕рзНржерж╛ржи-ржХрж╛рж▓-ржкрж╛рждрзНрж░ рж╕ржорзНржкрж░рзНржХрзЗ ржЕржЬрзНржЮрждрж╛ ржкрзНрж░ржХрж╛рж╢ ржХрж░рждрзЗ ржкрж╛рж░рзЗ , ржЙржжрзНржжрзЗрж╢рзНржп ржмрж┐рж╣рзАржи ржнрж╛ржмрзЗ ржШрзЛрж░рж╛ржлрзЗрж░рж╛ ржХрж░рждрзЗ ржкрж╛рж░рзЗред ржЕржержмрж╛ ржмрзНржпржХрзНрждрж┐ рж╕ржорзНржкрзВрж░рзНржгржнрж╛ржмрзЗ рждрж╛рж░ ржЕрждрзАржд ржЬрзАржмржирзЗрж░ ржШржЯржирж╛ржмрж▓рзА ржнрзБрж▓рзЗ ржпрзЗрждрзЗ ржкрж╛рж░рзЗ ржПржмржВ рж╕рзЗ рж╣ржарж╛рзО ржХрж░рзЗ ржмрж╛ржбрж╝рж┐ ржерзЗржХрзЗ ржЙржзрж╛ржУ рж╣ржпрж╝рзЗ ржпрзЗрждрзЗ ржкрж╛рж░рзЗ ржПржмржВ ржЕржирзНржп ржХрзЛржи рж╕рзНржерж╛ржирзЗ ржЧрж┐ржпрж╝рзЗ ржПржХржЯрж┐ ржирждрзБржи ржкрж░рж┐ржЪрзЯрзЗ ржХрж╛ржЬржХрж░рзНржо ржХрж░рждрзЗ рж╢рзБрж░рзБ ржХрж░рждрзЗ ржкрж╛рж░рзЗред ржП ржЫрж╛ржбрж╝рж╛ ржЕржирзНржпрж╛ржирзНржп рж╕ржм ржЖржЪрж░ржгрзЗ ржХрзЛржи ржмрж┐ржЪрзНржпрзБрждрж┐ ржмрж╛ ржЕрж╕рзНржмрж╛ржнрж╛ржмрж┐ржХрждрж╛ рж▓ржХрзНрж╖рзНржп ржХрж░рж╛ ржпрж╛ржпрж╝ ржирж╛ред рж╕рж╛ржоржЧрзНрж░рж┐ржХ рж╕рзНржорзГрждрж┐ржнрзНрж░ржВрж╢ ржжрзЗржЦрж╛ ржжрж┐рж▓рзЗ, рж░рзЛржЧрзА рждрж╛рж░ ржЖрждрзНржорзАржпрж╝-рж╕рзНржмржЬржи ржмржирзНржзрзБ-ржмрж╛ржирзНржзржмржХрзЗ ржЪрж┐ржирждрзЗ ржкрж╛рж░рзЗ ржирж╛, ржХрж┐ржирзНрждрзБ рж╕рзНржмрж╛ржнрж╛ржмрж┐ржХ ржнрж╛ржмрзЗ ржХржерж╛ржмрж╛рж░рзНрждрж╛ ржмрж▓рждрзЗ ржкрж╛рж░рзЗ, ржмржЗ ржкржбрж╝рждрзЗ ржкрж╛рж░рзЗ ржпрзБржХрзНрждрж┐ржкрзВрж░рзНржгржнрж╛ржмрзЗ ржЪрж┐ржирзНрждрж╛ ржХрж░рждрзЗ ржкрж╛рж░рзЗ, ржПржмржВ ржкрзВрж░рзНржмрзЗ ржпрзЗрж╕ржм ржжржХрзНрж╖рждрж╛ ржУ ржЬрзНржЮрж╛ржи ржЕрж░рзНржЬржи ржХрж░рзЗржЫрж┐рж▓ рж╕рзЗ ржЕржирзБржпрж╛ржпрж╝рзА ржХрж╛ржЬ ржХрж░рждрзЗ ржкрж╛рж░рзЗред ржмрж┐рж╕рзНржорзГрждрж┐рж░ ржЙржкрж╛ржЦрзНржпрж╛ржиржЯрж┐ ржХржпрж╝рзЗржХ ржШржирзНржЯрж╛ ржерзЗржХрзЗ ржХржпрж╝рзЗржХ ржмржЫрж░ ржкрж░рзНржпржирзНржд рж╕рзНржерж╛ржпрж╝рзА рж╣рждрзЗ ржкрж╛рж░рзЗред ржПржЗ рж╕рзНржорзГрждрж┐ржнрзНрж░ржВрж╢ ржерзЗржХрзЗ ржорзБржХрзНржд рж╣рждрзЗ ржХрждржжрж┐ржи рж▓рж╛ржЧржмрзЗ рждрж╛ ржмрж▓рж╛ ржпрж╛ржпрж╝ ржирж╛ред ржпржжрж┐ржУ ржПржХржжрж┐ржи ржмрзНржпржХрзНрждрж┐рж░ рж╕рзНржорзГрждрж┐ рж╕ржорзНржкрзВрж░рзНржгржнрж╛ржмрзЗ ржлрж┐рж░рзЗ ржЖрж╕рзЗ, ржХрж┐ржирзНрждрзБ рждрж╛рж░ ржкрж▓рж╛рждржХ ржЬрзАржмржирзЗрж░ ржШржЯржирж╛ржЧрзБрж▓рзЛ ржмрж┐рж╕рзНржорзГрждрж┐рж░ ржЧрж░рзНржнрзЗ рж╣рж╛рж░рж┐ржпрж╝рзЗ ржпрж╛ржпрж╝ред ржмрж┐ржЪрзНржЫрж┐ржирзНржирждрж╛ржорзВрж▓ржХ рж╕рзНржорзГрждрж┐ ржнрзНрз░ржВрж╢ рж░рзЛржЧрзЗрж░ ржЪрж┐ржХрж┐рзОрж╕рж╛рж░ ржЬржирзНржп ржХржмрж┐рж░рж╛ржЬрзЗрж░ ржХрж╛ржЫрзЗ ржирж╛ ржЧрж┐рзЯрзЗ ржПржХржЬржи ржорзЗржирзНржЯрж╛рж▓ рж╣рзЗрж▓рже ржкрзНрж░ржлрзЗрж╢ржирж╛рж▓ ржПрж░ рж╕рж╛рж╣рж╛ржпрзНржп ржирзЗржУрзЯрж╛ ржпрзЗрждрзЗ ржкрж╛рж░рзЗредрж╕рж╛ржЗржХрзЛрж▓ржЬрж┐рж╕рзНржЯ ржЖржмрзБ рждрж╛рж░рзЗржХ ржПрж░ ржкрж░рж╛ржорж░рзНрж╢Md.Mahfujul Haque Haidary, Musa Matubbar, Aviraj Roy ржПржмржВ ржЖрж░ржУ 1 ржЬржи рж╣рж▓рзЗржи ржЕржмржжрж╛ржиржХрж╛рж░рзАрж▓рзЗржЦржХ: ржорзЛржГ ржЖржмрзБ рждрж╛рж░рзЗржХ, рж╕рж╛ржЗржХрзЛрж▓ржЬрж┐рж╕рзНржЯ, ржбрзНржпрж╛ржлрзЛржбрж┐рж▓ ржЗржирзНржЯрж╛рж░ржирзНржпрж╛рж╢ржирж╛рж▓ ржЗржЙржирж┐ржнрж╛рж░рзНрж╕рж┐ржЯрж┐ред"
ржХрзЛржирзЛ ржмрж┐рж╖рзЯ ржирж┐рзЯрзЗ ржЕрждрж┐рж░рж┐ржХрзНржд ржЪрж┐ржирзНрждрж╛ ржХрж░рж╛ ржХрж┐ ржорж╛ржирж╕рж┐ржХ рж░рзЛржЧ?,"ржЕржмрж╢рзНржпржЗ ржЕрждрж┐рж░рж┐ржХрзНржд ржЪрж┐ржирзНрждрж╛ ржорж╛ржирзБрж╖ржХрзЗ ржирж╛ржирж╛ ржзрж░ржирзЗрж░ рж╕ржорж╕рзНржпрж╛рж░ рж╕ржорзНржорзБржЦрзАржи ржХрж░рзЗ редред ржЖржкржирж╛рж░ рж╢рзБржзрзБ ржПржЯрж╛ ржоржирзЗ рж░рж╛ржЦрждрзЗ рж╣ржмрзЗ рж╕ржорж╕рзНржпрж╛рж░ ржпрзЗржоржи ржЖржЫрзЗ рждрзЗржоржирж┐ рж╕ржорж╛ржзрж╛ржи ржУ ржЖржЫрзЗ рж╕рзБрждрж░рж╛ржВ рж╕ржорж╛ржзрж╛ржи ржмрзЗрж░ ржХрж░рзБржи ржЪрж┐ржирзНрждрж╛ ржирж╛ ржмрж╛ржбрж╝рж┐ржпрж╝рзЗ ржЕржирзНржпрзЗрж░ ржорждрж╛ржоржд ржЧрзНрж░рж╣ржг ржХрж░рзБржи ржЪрж┐ржирзНрждрж╛ рж╣рждрзЗ ржмрзЗрж░рж┐ржпрж╝рзЗ ржЖрж╕рж╛рж░ ржЬржирзНржп ржПржмржВ рж╕рзГрж╖рзНржЯрж┐ ржХрж░рзНрждрж╛рж░ ржЙржкрж░ ржнрж░рж╕рж╛ рж░рж╛ржЦрзБржи ,,"
ржХрж┐ржнрж╛ржмрзЗ ржорж╛ржирж╕рж┐ржХ рж░рзЛржЧ ржерзЗржХрзЗ ржорзБржХрзНрждрж┐ ржкрж╛ржмрзЛ?,ржорж╛ржирж╕рж┐ржХ рж░рзЛржЧ ржмрж┐рж╢рзЗрж╖ржЬрзНржЮрзЗрж░ ржкрж░рж╛ржорж░рзНрж╢ ржЕржирзБрж╕рж╛рж░рзЗ ржЖржкржирж┐ ржорж╛ржирж╕рж┐ржХ рж░рзЛржЧ ржерзЗржХрзЗ ржорзБржХрзНрждрж┐ ржкрзЗрждрзЗ ржкрж╛рж░рзЗржиред
ржПржХржЗ ржзрж░ржирзЗрж░ ржнрзБрж▓ ржмрж╛рж░ ржмрж╛рж░ ржХрж░рж╛ ржХрзЛржирзЛ ржорж╛ржирж╕рж┐ржХ рж░рзЛржЧ ржХрж┐? ржорж╛ржирж╕рж┐ржХ рж░рзЛржЧ рж╣рж▓рзЗ ржПржЯрж╛ ржХрзА ржзрж░ржирзЗрж░ ржПржмржВ ржХрзЗржи?,ржЕржнрж┐ржЬрзНржЮ ржорж╛ржирж╕рж┐ржХ ржмрж┐рж╢рзЗрж╖ржЬрзНржЮрзЗрж░ рж╕рж╛рж╣рж╛ржпрзНржп ржирж┐рждрзЗ рж╣ржмрзЗред
"ржЖржкржирж┐ ржХрж┐ ржХрзЛржирзЛ ржорж╛ржирж╕рж┐ржХ рж░рзЛржЧрзЗрж░ рж╢рж┐ржХрж╛рж░? ржпржжрж┐ рж╣ржи, рждрж╛рж╣рж▓рзЗ рж░рзЛржЧржЯрж┐ рж╕ржорзНржкрж░рзНржХрзЗ ржмрж┐рж╕рзНрждрж╛рж░рж┐ржд ржмрж▓ржмрзЗржи ржХрж┐?","ржЖржорж┐ ржУрж╕рж┐ржбрж┐рждрзЗ ржЖржХрзНрж░рж╛ржирзНрждред ржПржХ ржХржерж╛рзЯ ржмрж▓ржм, ржПржЯрж╛ ржЕржирж┐рзЯржирзНрждрзНрж░рж┐ржд ржЪрж┐ржирзНрждрж╛ржзрж╛рж░рж╛ ржпрж╛ ржЖржкржирж╛ржХрзЗ ржкрзНрж░рждрж┐ ржорзВрж╣рзБрж░рзНрждрзЗ ржпржирзНрждрзНрж░ржгрж╛ ржжрзЗржмрзЗред ржмрж╛ржЗрж░рзЗ ржерзЗржХрзЗ ржХрзЗржЙ ржмрзБржЭрждрзЗ ржкрж╛рж░ржмрзЗ ржирж╛ред ржЖржкржирж┐ ржирж┐ржЬрзЗрж░ ржоржзрзНржпрзЗ ржП ржпржирзНрждрзНрж░ржгрж╛ рж▓рзБржХрж┐рзЯрзЗ ржмрзЗрзЬрж╛ржмрзЗржиред ржкрзНрж░рждрж┐ржжрж┐ржи ржШрзБржо ржерзЗржХрзЗ ржЙржарзЗ ржнрж╛ржмржмрзЗржи, ржХрзЗржи ржЙржарж▓рж╛ржо! ржХрж╛рж░ржг ржХрзЗржмрж▓ ржШрзБржоржирзНржд ржЕржмрж╕рзНржерж╛рзЯ ржЖржкржирж╛рж░ ржорж╛ржерж╛ ржПрж╕ржм ржЪрж┐ржирзНрждрж╛ ржерзЗржХрзЗ ржорзБржХрзНржд рж╣рзЯред ржШрзБржо ржнрж╛ржЩрж▓рзЗржЗ ржЖржмрж╛рж░ рж╣рж╛ржЬрж┐рж░ рж╣рзЯ рждрж╛рж░рж╛ред ржУрж╕рж┐ржбрж┐ржХрзЗ ржмрж▓рж╛ ржпрж╛рзЯ ""ржЪрж┐ржирзНрждрж╛ржпржирзНрждрзНрж░ржгрж╛""ред ржХрзЗржоржи ржЪрж┐ржирзНрждрж╛? ржПржЯрж╛ ржЖрж╕рж▓рзЗ ржмрзНрж░рзЗржХ ржЖржкрзЗрж░ ржкрж░рзЗ ржЧрж╛рж░рзНрж▓ржлрзНрж░рзЗржирзНржбрзЗрж░ ржЪрж┐ржирзНрждрж╛ ржмрж╛ ржкрж░рзАржХрзНрж╖рж╛рзЯ ржлрзЗржЗрж▓ ржХрж░рзЗ ржЬрзАржмржи ржирж┐рзЯрзЗ ржЪрж┐ржирзНрждрж╛рж░ ржорждрзЛ ржирж╛ред ржПржЯрж╛рж░ ржорж╛ржерж╛ржорзБржгрзНржбрзБ ржХрж┐ржЫрзБржЗ ржЖржорж┐ ржЖржкржирж╛ржжрзЗрж░ ржмрзЛржЭрж╛рждрзЗ ржкрж╛рж░ржм ржирж╛ред ржЦрзБржмржЗ ржЬржЯрж┐рж▓ ржПржХржЯрж╛ ржмрж┐рж╖рзЯред ржЗржВрж░рзЗржЬрж┐ ржХрзЛрж░рж╛рждрзЗ ржП ржирж┐рзЯрзЗ ржнрж╛рж▓рзЛ рж▓рзЗржЦрж╛ ржЖржЫрзЗред ржзржирзНржпржмрж╛ржжред"
