Blog Titles,Blog Content
"স্বাস্থ্য সেবা: বাংলাদেশে চালু হয়েছে সুপার স্পেশালাইজড হাসপাতাল, কী সুবিধা থাকছে",
পোলিও আতংকে নিউ ইয়র্ক অঙ্গরাজ্য জুড়ে জরুরি অবস্থা জারি,
স্বাস্থ্য: প্যানিক অ্যাটাক আসলে কী? আপনি আক্রান্ত কিনা সেটি কিভাবে বুঝবেন?,
স্বাস্থ্য: যৌন রোগ হতে পারে বন্ধ্যাত্ব ও শরীরের গুরুত্বপূর্ণ অঙ্গের মারাত্মক ক্ষতির কারণ,
স্বাস্থ্য: ওষুধ-এর দাম বাড়ায় বিপাকে সাধারণ মানুষ,
উচ্চ রক্তচাপ: বাংলাদেশে শহরের মানুষরা কেন বেশি ভুগছেন,
স্বাস্থ্য: 'ডোপামিন উপবাস' কী এবং মাত্রাতিরিক্ত প্রযুক্তি ব্যবহার থেকে এটি কীভাবে আপনাকে রক্ষা করবে?,
"টমেটো ফ্লু: ভারতে শতাধিক আক্রান্ত, কীভাবে ছড়ায় এই রোগ?",
"স্বাস্থ্য: যেসব নিত্য ব্যবহার্য সামগ্রীতে রয়েছে ক্ষতিকর রাসায়নিক উপাদান পিফাস, কী ধরনের ঝুঁকি তৈরি হতে পারে",
"নিত্যপণ্যের দামের পাশাপাশি বেড়েছে জরুরি ওষুধের দাম, বাড়তি চাপে সাধারণ মানুষ",
ট্যাল্ক বেবি পাউডার: ক্যান্সারের ঝুঁকির অভিযোগের মুখে জনসন এন্ড জনসন কোম্পানি এটির বিক্রি বন্ধ করে দিচ্ছে,
সন্তানকে বুকের দুধ পান করানো মায়েদের জন্য কী ধরনের ডায়েট প্রয়োজন?,
"কোন হেপাটাইটিস কীভাবে বুঝবেন, লক্ষণ ও চিকিৎসা কী?",
"মাংকিপক্স রোগীর অভিজ্ঞতা: 'যৌনাঙ্গে এমন ঘা হয়েছিল যে কাপড় পরা প্রায় অসম্ভব ছিল, মনে হচ্ছিল তাতে আগুন ধরে গেছে'",
মাংকিপক্স: এই ভাইরাসের প্রকোপের ব্যাপারে বিশ্ব স্বাস্থ্য সংস্থার সর্বোচ্চ সতর্কতা,
"মারবার্গ ভাইরাস কতটা মারাত্মক, এর লক্ষণ বা উপসর্গ কী?",
তাপপ্রবাহ: তীব্র গরমে কী হয় আমাদের শরীরে এবং কাদের ঝুঁকি সবচেয়ে বেশি,
করোনা ভাইরাস: 'জিরো কোভিড' নীতির কারণে কমেছে চীনা অর্থনীতির প্রবৃদ্ধি,
জনসংখ্যা: সামনের বছরেই চীনকে ছাড়িয়ে ভারত হবে বিশ্বের সবচেয়ে জনবহুল দেশ,
"মোশন সিকনেস: কী, কেন হয়, কিভাবে সুস্থ থাকবেন",
"কৃষি: রোজেলা, চুকাই, চুকুরি, মেস্তা, হড়গড়া কিংবা হইলফা - এক ফলের এতগুলো বাহারি নাম, এর যত গুন আর বাংলাদেশে চাষের সম্ভাবনা",
করোনাভাইরাস: বাংলাদেশে কি সংক্রমণের নতুন ঢেউ আসছে?,
অটোইমিউন ডিজিজ: যে অসুখে শরীরের রোগ প্রতিরোধ ক্ষমতা সুস্থ অঙ্গ প্রত্যঙ্গকে আক্রমণ করে,
বাংলাদেশে প্রথমবারের মত গর্ভাবস্থায় শিশুর জিনগত ত্রুটি নির্ণয় চালু,
